experiment_id,final_outcome,final_p_value,final_z_statistic,final_lift,winner_binary
1,treatment_wins,2.7464998291204523e-06,4.6889205546433725,0.022216766908064317,1
2,inconclusive,0.9401081335243138,-0.07513395306279991,-0.0004427227448810245,0
3,treatment_wins,0.003583107292512988,2.9127069126968,0.011327134404057498,1
4,inconclusive,0.08952217640038262,1.6979236316957054,0.014678899082568808,0
5,treatment_wins,0.0,17.51638962064225,0.05320532672654073,1
6,control_wins,0.0,-19.116161008104275,-0.03752832587188415,0
7,treatment_wins,0.0,15.558611532293508,0.03145274500132792,1
8,control_wins,6.157296894571118e-13,-7.196954014959883,-0.030965147453083125,0
9,inconclusive,0.6179286406184126,0.49878814421967677,0.0037821482602118095,0
10,control_wins,0.0,-12.906466966112703,-0.04745384710692603,0
11,control_wins,0.0,-13.585904164140045,-0.028080104484109712,0
12,inconclusive,0.837015739177736,-0.2057121858901395,-0.001099605974525797,0
13,inconclusive,0.5569447615243455,0.587385601893116,0.0019766034691407752,0
14,control_wins,4.218847493575595e-15,-7.851251827179758,-0.016704948841094178,0
15,treatment_wins,0.0,11.548566480524848,0.027773102171351628,1
16,inconclusive,0.8177015002722086,-0.23050226935381088,-0.0006968101579436364,0
17,control_wins,5.1769265392298536e-06,-4.557487114335264,-0.011736311580142919,0
18,treatment_wins,0.0019513478227073389,3.097538903139851,0.014773869346733665,1
19,inconclusive,0.058022055995737176,1.8955312477666586,0.0060625398851308215,0
20,inconclusive,0.6926257773828559,0.39529420265286286,0.0016503595426146378,0
21,treatment_wins,0.0,15.186720139018908,0.05150269714872849,1
22,inconclusive,0.6542062447718422,-0.44792649693086406,-0.0024118179077479707,0
23,treatment_wins,1.2953771388879431e-10,6.427713325780271,0.01823378671397595,1
24,inconclusive,0.16302873051753997,1.3949572529617944,0.004578282176940937,0
25,treatment_wins,3.3084646133829665e-14,7.585510566205207,0.029189560439560447,1
26,control_wins,0.00035882689490462916,-3.5686489061985194,-0.026062550120288713,0
27,inconclusive,0.7814689275479318,-0.27740528034040807,-0.0007121336620104085,0
28,control_wins,0.0,-10.38645385136187,-0.03539765319426336,0
29,control_wins,4.3165742091844095e-09,-5.871581451430462,-0.020187994018372138,0
30,treatment_wins,5.948914694187124e-10,6.191778393877341,0.01078298767658551,1
31,treatment_wins,4.6120349872502686e-07,5.041787410655172,0.019155264723378945,1
32,treatment_wins,0.0012712256196185656,3.2223976766238045,0.008061541703988616,1
33,control_wins,2.4424906541753444e-15,-7.921713119426496,-0.015552276081280503,0
34,treatment_wins,1.2371648380415934e-05,4.370933477238141,0.01591600349985417,1
35,treatment_wins,0.0,9.251363587072339,0.03405797101449276,1
36,control_wins,0.0014425992009718946,-3.1859893249527085,-0.010144981001217412,0
37,control_wins,0.0,-8.37006672069689,-0.024723972092393146,0
38,inconclusive,0.6310131855407168,-0.48030127058205085,-0.0009431939978563758,0
39,treatment_wins,1.9106057846940416e-08,5.619906727537201,0.02559975473288878,1
40,treatment_wins,0.0,9.19748675320974,0.02778878759853788,1
41,inconclusive,0.9029204519244727,0.12197293628280104,0.00024031721872871947,0
42,treatment_wins,4.065073370140837e-06,4.608027281102972,0.01667985633408413,1
43,inconclusive,0.8969268269900328,-0.12954448568899063,-0.0006273525721455508,0
44,inconclusive,0.8273600339184726,-0.21808865852436482,-0.0014271442842871407,0
45,inconclusive,0.3481813569662848,-0.938122700787678,-0.0028919227923868557,0
46,treatment_wins,0.0030179591886481116,2.965902734823752,0.02434738955823293,1
47,inconclusive,0.1748206377035122,1.3568759248679556,0.0031417999022551046,0
48,inconclusive,0.8693536637760122,0.16447952517310468,0.0004708282653902024,0
49,control_wins,1.3322676295501878e-15,-7.997346856447747,-0.023228212953543576,0
50,treatment_wins,0.0,18.366277407417968,0.050143874711071276,1
51,treatment_wins,0.0,13.659168223354195,0.05049054797798516,1
52,treatment_wins,0.0,11.67148038402692,0.04442168909693778,1
53,control_wins,0.0031292537803064846,-2.9547471707234525,-0.015337698448291331,0
54,control_wins,6.271871910712434e-11,-6.537110501671098,-0.02781920757408729,0
55,treatment_wins,0.0,12.023942825834364,0.03951636685343557,1
56,control_wins,0.007013419586583858,-2.6962063931169378,-0.010536595394736836,0
57,treatment_wins,0.0,9.306297995973512,0.02198145640170851,1
58,control_wins,0.012465350291512856,-2.4986894250223126,-0.006327310038191869,0
59,inconclusive,0.8046689148517223,-0.2473092316246329,-0.0005622320612832937,0
60,treatment_wins,1.8534063173092363e-12,7.0450836443858655,0.02483086224269468,1
61,treatment_wins,0.0,11.954675911814213,0.03423124740986323,1
62,treatment_wins,0.0,12.773964442586834,0.036705372958079116,1
63,inconclusive,0.6340154055735909,-0.47608277841978514,-0.0025971215236446354,0
64,inconclusive,0.6637189910383876,-0.434784314944349,-0.002350388718134158,0
65,inconclusive,0.8671471145179268,-0.16728333703148712,-0.00039366978978032374,0
66,treatment_wins,2.1729611443532804e-09,5.984319725065533,0.017908906802207844,1
67,inconclusive,0.8908482200079526,0.13723098512133475,0.0003292361720807768,0
68,treatment_wins,4.5473180776411937e-11,6.585050406958381,0.03854024556616645,1
69,control_wins,0.0,-13.945103086418058,-0.027271584768128687,0
70,treatment_wins,2.9298879657968513e-06,4.675674653798544,0.016712009327633115,1
71,inconclusive,0.16889784777661054,-1.3757538695027367,-0.004466019417475736,0
72,control_wins,9.103828801926284e-14,-7.4531560835435595,-0.01645801097200731,0
73,control_wins,0.0,-13.129010618240976,-0.025245149175881495,0
74,inconclusive,0.5195691935229176,0.6440096235962187,0.0033213396069748102,0
75,treatment_wins,0.0,9.361916445806955,0.037413421142273195,1
76,treatment_wins,2.0357873165011142e-09,5.994925522898368,0.01917605763901717,1
77,inconclusive,0.23432472805526028,1.1892921379159827,0.003820033955857366,0
78,treatment_wins,6.057154777749929e-12,6.878300680797889,0.02935974531305271,1
79,treatment_wins,1.0558598440013611e-10,6.458729133148513,0.03078758949880668,1
80,control_wins,0.0,-11.295086731401272,-0.0335725269092773,0
81,control_wins,0.0,-8.541770770366377,-0.03517267745635275,0
82,treatment_wins,0.0,10.531298951708632,0.048188951414757875,1
83,treatment_wins,0.0,11.40677275087686,0.030911710228442066,1
84,treatment_wins,0.0,8.919950304113533,0.03284977820405227,1
85,control_wins,0.0,-10.73839127472086,-0.03044861390638188,0
86,inconclusive,0.62850119891859,0.48383750034829265,0.0015443021684576203,0
87,control_wins,0.02165128764286295,-2.2964303440631433,-0.0074745094853150285,0
88,control_wins,7.309708394132031e-13,-7.173507020000512,-0.03263380824027724,0
89,treatment_wins,4.806661735301532e-10,6.2252899489608575,0.02437708455954482,1
90,inconclusive,0.8741059115638405,-0.15844531114119836,-0.0006046863189720225,0
91,control_wins,0.0,-9.32069933887814,-0.03150026695141484,0
92,treatment_wins,1.3612973948085028e-07,5.270396002144052,0.028718941594062602,1
93,inconclusive,0.9568864940124417,-0.05406108819063415,-0.0001972483850288531,0
94,inconclusive,0.19669965208779816,-1.291011608877622,-0.004133590116961822,0
95,inconclusive,0.6846279835143365,-0.4061559969224021,-0.001267289448910136,0
96,inconclusive,0.721490974721883,-0.3564668485210968,-0.0015760441292356209,0
97,treatment_wins,0.0,10.082186396497816,0.030089967490738653,1
98,treatment_wins,0.0,10.579528812405739,0.03610334797239492,1
99,control_wins,0.0,-22.00589004331679,-0.030447941888619857,0
100,treatment_wins,0.0,9.745917584312375,0.02841587112171838,1
101,control_wins,0.0,-22.939281754017465,-0.03411032462777642,0
102,inconclusive,0.6263328784023408,0.4868948081166683,0.0024238592053957286,0
103,inconclusive,0.2204974476106778,1.225206442780247,0.007150837988826805,0
104,control_wins,0.0,-9.437816351574831,-0.04315941332050974,0
105,inconclusive,0.059177515791136726,1.8868722096168273,0.0069678477092631474,0
106,inconclusive,0.17991487746617363,-1.3410171716458426,-0.00458344567268805,0
107,inconclusive,0.39376182108700775,-0.8528151500305986,-0.003991774525220759,0
108,treatment_wins,0.0,9.452575928476863,0.037830673220301536,1
109,treatment_wins,0.0,13.763254728634735,0.03348686197523407,1
110,treatment_wins,2.220446049250313e-16,8.1876122414738,0.02298486169453911,1
111,treatment_wins,5.489189103258241e-10,6.20444032602756,0.042838709677419345,1
112,treatment_wins,0.0,9.05843448712267,0.0421431928560238,1
113,treatment_wins,0.0,9.521472393088052,0.03709104164768068,1
114,control_wins,3.0857381094762104e-09,-5.926970799731249,-0.034774307923087416,0
115,inconclusive,0.15006133662278787,-1.439314852389107,-0.00461833391425584,0
116,treatment_wins,0.0,13.053945562900742,0.04771560999834465,1
117,inconclusive,0.4895355873835514,-0.691047665123467,-0.0034611288604898816,0
118,control_wins,0.0001822098044870213,-3.7424844594972924,-0.016965490649701175,0
119,treatment_wins,0.0,11.478957043865314,0.0412268074216251,1
120,inconclusive,0.7170468238370824,0.36240845275270683,0.0031424581005586594,0
121,control_wins,0.0,-11.738863036769283,-0.04027596494499347,0
122,treatment_wins,0.0003576250127714786,3.569527986206775,0.017133956386292837,1
123,inconclusive,0.5132945862008493,-0.6537163210746824,-0.0021556220012516614,0
124,treatment_wins,0.00016619265911210768,3.7655352717965886,0.019230769230769225,1
125,control_wins,0.0,-18.66905746018756,-0.03719726852440938,0
126,treatment_wins,0.0,14.886977941031489,0.04632152588555857,1
127,inconclusive,0.4997870823741759,0.6748247995788338,0.003057213568204986,0
128,control_wins,4.653777585517105e-08,-5.464055565049812,-0.036335457206819355,0
129,control_wins,0.0,-29.112767132258593,-0.03245789747013873,0
130,treatment_wins,2.708944180085382e-14,7.611437715709051,0.02617259767112852,1
131,control_wins,0.0,-18.256118393776543,-0.0456518110499082,0
132,control_wins,0.04157742376462803,-2.0377251877608114,-0.007835004032722664,0
133,control_wins,0.0,-17.236494326633,-0.03948075201432408,0
134,control_wins,0.0015904519684541985,-3.157652183239399,-0.009861680327868855,0
135,control_wins,5.484501741648273e-14,-7.519657581612427,-0.030400270224624243,0
136,inconclusive,0.987638502082614,-0.015493459936477022,-3.703155088134735e-05,0
137,control_wins,0.0,-18.52738559431615,-0.048752649600521766,0
138,inconclusive,0.8505639859579199,-0.18839886934760997,-0.0009069472156720271,0
139,inconclusive,0.7348786087298871,-0.33864310156994043,-0.0009548818333731113,0
140,control_wins,1.9984014443252818e-15,-7.937275856750686,-0.03198810769146068,0
141,treatment_wins,0.001913538524913605,3.1033335320548816,0.028023598820059004,1
142,control_wins,0.0,-24.74762971082026,-0.04675543311906948,0
143,inconclusive,0.5627872370153013,0.5787064886524995,0.0022919465739350414,0
144,treatment_wins,0.0,9.472229043536545,0.0361503856041131,1
145,control_wins,1.7412737918220955e-11,-6.726220395984996,-0.01932091726846573,0
146,inconclusive,0.4754849149073481,0.7135832551008938,0.0024394210440722083,0
147,treatment_wins,7.947358261040094e-06,4.466597145286585,0.04264243271583362,1
148,inconclusive,0.2258393323701473,-1.2111463180833972,-0.006776215483652384,0
149,inconclusive,0.124078920930762,1.5378760635871036,0.0036680739151498387,0
150,treatment_wins,0.0,18.347400273294497,0.04696680243665069,1
151,inconclusive,0.3031558754827013,-1.0296893097209185,-0.005310674455655862,0
152,treatment_wins,3.42315005896765e-07,5.098522413458898,0.030483764082173626,1
153,treatment_wins,0.0,20.238189004995636,0.04673488372093024,1
154,inconclusive,0.9583139266933172,0.05226953622539775,0.0001842978252856592,0
155,inconclusive,0.0655724281827259,1.8413353655067786,0.007544581618655705,0
156,inconclusive,0.1309549883983625,1.510346672223159,0.007331122359923198,0
157,inconclusive,0.5103920877088317,-0.6582272958087777,-0.002289109682446916,0
158,treatment_wins,0.0,11.241561903468885,0.05001645278051989,1
159,treatment_wins,4.1035138176326313e-08,5.486338003825418,0.03536585365853659,1
160,inconclusive,0.981024316730025,0.023784734475134035,7.38688827331413e-05,0
161,control_wins,0.006179485084881087,-2.7381022973396294,-0.01647373107747105,0
162,inconclusive,0.4458399595818099,0.7623687371337032,0.00545530843474612,0
163,inconclusive,0.47922180248846535,0.7075547484735991,0.0027253019510684318,0
164,treatment_wins,2.060218573585182e-05,4.258262593956484,0.03196554069372026,1
165,inconclusive,0.4588740876869095,-0.7407020968608854,-0.0017375635497779776,0
166,treatment_wins,0.0,9.30595635690506,0.054829139654982983,1
167,treatment_wins,0.0,12.814565007004468,0.03700356933086342,1
168,treatment_wins,1.9761969838327786e-14,7.652539822042497,0.034351663272233546,1
169,inconclusive,0.7208324327966273,-0.3573464867790533,-0.0008764241893076258,0
170,inconclusive,0.4093223705195659,-0.825086699075129,-0.0073555166374781045,0
171,inconclusive,0.685019753162365,-0.4056228278917466,-0.0017107420343573931,0
172,treatment_wins,0.0,10.909853905199595,0.0239617501528882,1
173,treatment_wins,0.0,11.073440603620492,0.03612395929694728,1
174,treatment_wins,2.0413031520671865e-06,4.74929171301197,0.024193548387096767,1
175,inconclusive,0.0698928688262983,-1.8126043343508669,-0.005954545454545462,0
176,control_wins,0.0,-17.06464036251706,-0.04426428105488771,0
177,control_wins,2.353672812205332e-14,-7.629415946947527,-0.02474433893352812,0
178,treatment_wins,0.0,9.16608337047976,0.03601022225664058,1
179,inconclusive,0.6791683406121014,-0.41359826975210046,-0.001551732006754597,0
180,treatment_wins,0.0,18.11846378540421,0.04032814258230789,1
181,inconclusive,0.5388315030497797,-0.61458094278307,-0.0016912524664098455,0
182,treatment_wins,0.0,12.136435318668147,0.032048383450146954,1
183,inconclusive,0.4838604757281926,-0.7001070142182994,-0.002632073698063536,0
184,treatment_wins,1.4130901115905203e-08,5.671795000689554,0.04697400043696745,1
185,control_wins,0.0,-12.343154182222266,-0.04705689457288081,0
186,control_wins,6.509133010368373e-09,-5.8031221669934,-0.02993567540821375,0
187,control_wins,0.001884318135128904,-3.1078843125200684,-0.027964959568733155,0
188,control_wins,1.2176926134088717e-12,-7.10335591568844,-0.0327636878197453,0
189,inconclusive,0.11509249233316665,1.5757106916088643,0.005506045297156148,0
190,control_wins,3.5221250254124925e-06,-4.637755839955028,-0.020408163265306117,0
191,treatment_wins,0.04204425690364477,2.0330818249065556,0.004852509258076877,1
192,treatment_wins,0.0,11.939633145920848,0.045065128070635535,1
193,control_wins,0.00027684858851229066,-3.6360518890303326,-0.013558344151161111,0
194,control_wins,7.940268820227914e-08,-5.368480695727189,-0.0430281462309932,0
195,inconclusive,0.06785685287314713,1.8259562452932259,0.008220502901353968,0
196,control_wins,6.5598637633002e-12,-6.866929513885511,-0.021131781940753228,0
197,treatment_wins,6.656897255652439e-13,7.186315889641407,0.03804946430359468,1
198,treatment_wins,0.00375653939418763,2.8979137011621368,0.011716869081376063,1
199,treatment_wins,0.0,10.766774606443423,0.052504922336469056,1
200,treatment_wins,0.0,12.341836099079345,0.04170094995886006,1
201,control_wins,2.220446049250313e-16,-8.217006373904017,-0.031159036782217514,0
202,control_wins,0.04574149721413234,-1.997770958612661,-0.010013812154696135,0
203,inconclusive,0.4941876369918188,-0.6836635630572598,-0.001776619684946107,0
204,inconclusive,0.06974048116724951,-1.8135925311680818,-0.007684975574883818,0
205,treatment_wins,8.704148513061227e-14,7.4591641360286705,0.02807639524245198,1
206,inconclusive,0.6571806796987327,0.4438090017034322,0.0008718902580795163,0
207,inconclusive,0.10893988196285553,-1.6029763211857113,-0.007627952755905512,0
208,control_wins,1.3881590650077769e-05,-4.345725772956435,-0.013924385300079306,0
209,control_wins,0.0,-19.836354239905486,-0.028600743875849686,0
210,inconclusive,0.38302020363326306,-0.8723449848183737,-0.0017963582918265678,0
211,control_wins,0.0,-15.586056211142278,-0.045984176456485254,0
212,inconclusive,0.9233137411116528,0.0962604253053908,0.0003364575823119609,0
213,treatment_wins,1.1159628776624686e-10,6.450344416300263,0.05070675342158404,1
214,treatment_wins,0.0,10.137775092015696,0.028478998727195587,1
215,control_wins,1.7781804029226578e-08,-5.632303845267255,-0.01738851716815576,0
216,control_wins,0.0,-11.70446776242401,-0.032184083785643296,0
217,inconclusive,0.13260227954254944,1.5039187850032691,0.00402879000497941,0
218,inconclusive,0.15438562207761897,1.4242102381061057,0.006567745074191195,0
219,treatment_wins,0.003546909966807732,2.915876388110896,0.008830188679245288,1
220,treatment_wins,0.00029854093246184377,3.616562783285085,0.012103856433753335,1
221,inconclusive,0.7161043541945786,0.36367012573409546,0.002116551432199798,0
222,control_wins,2.220446049250313e-16,-8.176866322174977,-0.032798893139090096,0
223,treatment_wins,0.0,11.256686586600663,0.047934127334215565,1
224,control_wins,1.1445511205465664e-11,-6.787043698097071,-0.030013831258644527,0
225,inconclusive,0.19363798899115547,1.2998919953162913,0.003070831144692726,0
226,inconclusive,0.911565850413586,-0.11106367906344843,-0.00032431731205812,0
227,control_wins,5.0662850803462334e-08,-5.448968266995121,-0.018590476190476185,0
228,treatment_wins,1.6431300764452317e-14,7.676137478042166,0.03177616375041267,1
229,inconclusive,0.34157695402715116,-0.9510540201626498,-0.005036586524755304,0
230,control_wins,5.932987434675852e-11,-6.545416427936343,-0.021334091878822348,0
231,control_wins,2.7163953308928512e-09,-5.947878840462442,-0.03480753480753482,0
232,treatment_wins,0.0,11.040587082717115,0.04415290356952585,1
233,inconclusive,0.21288475268158136,1.2456722301683778,0.004334296510335636,0
234,treatment_wins,0.0,10.032115765660732,0.029435437507186385,1
235,treatment_wins,0.0,9.599548006375818,0.028455025781399204,1
236,control_wins,0.0,-14.082739577219906,-0.04182883053088984,0
237,treatment_wins,9.482938834182164e-07,4.902075470535808,0.016783420899007598,1
238,control_wins,0.0,-9.329830920171581,-0.029874718920655317,0
239,treatment_wins,6.084022174945858e-14,7.506253563757295,0.04162294508569428,1
240,control_wins,2.220446049250313e-16,-8.195193019578182,-0.035643070787637086,0
241,treatment_wins,0.0006041882840350787,3.4297272366933593,0.013754250621732717,1
242,treatment_wins,2.6951227916072185e-09,5.949165945720109,0.03925482368596139,1
243,treatment_wins,6.013883058209046e-08,5.41838789008774,0.024642810329007725,1
244,inconclusive,0.894231850627855,-0.13295135667171104,-0.00036949794466767383,0
245,inconclusive,0.5243406108077233,0.6366687840860764,0.001347708894878702,0
246,treatment_wins,0.001307555101836888,3.2143163891590842,0.010835688917880698,1
247,inconclusive,0.6228795185042306,-0.4917734344377141,-0.0031062331745703164,0
248,control_wins,0.0,-9.866540383814526,-0.040651379991618275,0
249,inconclusive,0.6794130431447905,-0.4132642175168609,-0.004100946372239761,0
250,treatment_wins,1.3005352350603516e-10,6.427108986686036,0.040608498868493825,1
251,control_wins,0.0,-16.001280859236157,-0.044319813966212984,0
252,treatment_wins,2.115768893418135e-09,5.98866004362556,0.026264017312610674,1
253,treatment_wins,7.508462740446475e-10,6.154984957544395,0.02980337513546988,1
254,inconclusive,0.5836748447621132,-0.5480248429427128,-0.001435685764278341,0
255,control_wins,0.0,-9.491526865103815,-0.01944692239072257,0
256,treatment_wins,2.5979218776228663e-14,7.617035928533653,0.0373046875,1
257,treatment_wins,0.0,9.553507210374532,0.04369117272958534,1
258,inconclusive,0.8427752930131118,-0.19834481219687974,-0.0013757861635220192,0
259,control_wins,0.0,-18.09212968803884,-0.04813287602605111,0
260,treatment_wins,0.0,10.051673364000733,0.020330417881438287,1
261,inconclusive,0.5021993633966524,0.6710332257518894,0.0025365008661222543,0
262,treatment_wins,3.181413512631792e-07,5.112370336452019,0.02770282424896564,1
263,treatment_wins,1.4317302919897301e-05,4.338937807244611,0.009082404303422463,1
264,inconclusive,0.23375467594239296,-1.1907425307618655,-0.005914414936796938,0
265,treatment_wins,1.0044525211583277e-09,6.108701085443734,0.02413334696799263,1
266,treatment_wins,1.081574692030074e-06,4.876184472014775,0.018880103275778604,1
267,control_wins,7.063770901538646e-08,-5.389541393513075,-0.02153257228792127,0
268,inconclusive,0.6086952216917303,-0.5119368289417642,-0.001646293781125241,0
269,treatment_wins,0.0,11.693915607681953,0.030516682690595737,1
270,inconclusive,0.9204756870050206,-0.09983453882113387,-0.0003603603603603567,0
271,inconclusive,0.8778261167575971,0.15372557725712482,0.0009389671361502427,0
272,treatment_wins,2.2977397762247165e-11,6.685731372461619,0.023917543936924635,1
273,inconclusive,0.8849035473712985,0.14475596930461282,0.0006117704637220167,0
274,treatment_wins,0.0,10.739137804686107,0.03662431684292711,1
275,control_wins,1.1590728377086634e-13,-7.421321784732471,-0.03817252780282536,0
276,inconclusive,0.4474603535261865,0.7596558033816515,0.0029561747099253605,0
277,inconclusive,0.940484590831669,-0.07466080857254076,-0.0002599315513581446,0
278,treatment_wins,0.0332966694749357,2.128487690561889,0.014605462822458254,1
279,control_wins,0.0,-9.29091257672757,-0.03162740051474956,0
280,control_wins,0.0,-10.08673440477654,-0.046029819694868246,0
281,treatment_wins,0.010148519195313455,2.570727343177532,0.009756794060254176,1
282,treatment_wins,0.0,10.61735094515152,0.027726856095325395,1
283,treatment_wins,0.0,14.011563885849952,0.04474459724950883,1
284,control_wins,1.887577871784174e-09,-6.007197278460968,-0.015903180636127223,0
285,control_wins,0.0,-17.177723653852546,-0.046990731371676045,0
286,treatment_wins,1.4099832412739488e-13,7.395437515640045,0.04357723577235772,1
287,inconclusive,0.8400385966161708,-0.20184410970890096,-0.0007220216606498298,0
288,inconclusive,0.32591405958123065,0.9823771896846076,0.0027136073124576082,0
289,control_wins,2.3967303697247644e-09,-5.968344409472527,-0.017478742070454856,0
290,treatment_wins,0.0,8.566621516350335,0.03554006968641116,1
291,control_wins,2.220446049250313e-16,-8.196213137770725,-0.012185678770835883,0
292,treatment_wins,1.5229151273388197e-11,6.7457005079871415,0.030543530543530546,1
293,treatment_wins,0.00801268110450426,2.6515349867964058,0.012279014720023684,1
294,inconclusive,0.41993749721101636,-0.8065296877607769,-0.0033666491320357705,0
295,treatment_wins,0.0,12.030331631431228,0.02668562144597887,1
296,treatment_wins,0.0,9.270606388034615,0.03024894746476295,1
297,treatment_wins,1.2856160580554388e-11,6.77024902583745,0.028209248348509186,1
298,treatment_wins,7.771561172376096e-15,7.770128136137593,0.030562106918239004,1
299,treatment_wins,1.2301271112846734e-13,7.413456498693065,0.04537402915928601,1
300,inconclusive,0.1430849567493584,-1.4643990162874718,-0.008139104698483168,0
301,treatment_wins,0.0,11.690734033929413,0.04483505285950835,1
302,treatment_wins,2.886579864025407e-15,7.89180145316362,0.04716001779623312,1
303,treatment_wins,0.0,10.622525078042855,0.04299027277055982,1
304,inconclusive,0.6065049186368463,-0.5150688363662435,-0.0019481669520042544,0
305,inconclusive,0.05333627075287839,-1.9321882837990438,-0.009394381612550184,0
306,treatment_wins,0.009618950960483819,2.589234701727301,0.017214618315225055,1
307,inconclusive,0.9538777177072364,-0.05783793910945478,-0.0001734906315059015,0
308,treatment_wins,1.4272136517057277e-07,5.261710500142408,0.024430379746835443,1
309,treatment_wins,0.0,8.613019430154452,0.029126213592232997,1
310,treatment_wins,1.187669471880426e-06,4.8576836761350295,0.037658336186237595,1
311,treatment_wins,5.186334695039818e-09,5.841080460899843,0.026996276375672312,1
312,treatment_wins,0.0,9.261829024027797,0.041497289972899726,1
313,control_wins,0.0,-24.938299067416626,-0.034909051301601136,0
314,inconclusive,0.1130187719412934,1.584769247371353,0.013218770654329137,0
315,control_wins,5.499727269153709e-07,-5.008004417899415,-0.015996477839741702,0
316,treatment_wins,0.00011323835258369996,3.8603206020347733,0.0164116058444706,1
317,treatment_wins,1.2307932450994485e-12,7.101872891460883,0.02246612047199463,1
318,control_wins,0.0,-17.178254879774634,-0.03886855241264559,0
319,inconclusive,0.0876903530341484,1.7077089909477576,0.009910485933503833,0
320,inconclusive,0.08340651907988761,1.7312537354454263,0.011015583019881786,0
321,control_wins,3.821609695364714e-12,-6.943628842277493,-0.02235300191007175,0
322,treatment_wins,8.878023562974846e-07,4.915004907457678,0.017946700757203282,1
323,treatment_wins,2.6576384766219263e-06,4.695647240466862,0.030175109443402126,1
324,treatment_wins,2.299227153113037e-07,5.173358941094135,0.013112520754395673,1
325,treatment_wins,0.0,10.92586684991886,0.04185136897001304,1
326,treatment_wins,7.516546558505866e-07,4.947518749954931,0.027228809837505474,1
327,treatment_wins,0.0,10.712716458792634,0.03218876031811843,1
328,inconclusive,0.44141038096179974,-0.7698137520086682,-0.00441658355891153,0
329,treatment_wins,0.0,9.826888114842857,0.03652791222975153,1
330,control_wins,0.0,-20.560530693055437,-0.04394589853667544,0
331,treatment_wins,7.367439991412539e-12,6.850340124371737,0.0370205834443951,1
332,control_wins,4.7124526503239395e-12,-6.913980146161483,-0.022727272727272707,0
333,control_wins,0.0,-21.811804042761718,-0.030757468830863322,0
334,treatment_wins,1.2029687690429114e-08,5.699304942221264,0.011136440076236029,1
335,treatment_wins,0.0,15.27307566111397,0.04771219595169246,1
336,inconclusive,0.4809442529431114,0.7047846654274795,0.0021862702229995604,0
337,inconclusive,0.7098654954959978,0.37203673932171805,0.0019013128112267963,0
338,treatment_wins,0.0,11.772323002150014,0.03885888706269078,1
339,treatment_wins,5.209300039776821e-06,4.556177177145628,0.017175967441539625,1
340,inconclusive,0.3611734610263131,-0.913131355647905,-0.0021740520493637727,0
341,treatment_wins,7.567432220856318e-07,4.946204854921229,0.015796831314072696,1
342,control_wins,6.80698884814035e-07,-4.966790974477204,-0.015368282695515892,0
343,treatment_wins,8.040168308909301e-09,5.767614027177256,0.0320855614973262,1
344,treatment_wins,0.0,13.076186640407968,0.04121364185484622,1
345,control_wins,0.0,-12.293079968015784,-0.029006632169666938,0
346,control_wins,6.486121210569351e-06,-4.509890121720203,-0.01326609775019394,0
347,treatment_wins,7.195428092487965e-05,3.969729470792596,0.015783259802398558,1
348,control_wins,0.0,-18.753132018544015,-0.03543267791196726,0
349,inconclusive,0.32922964609847183,-0.9756667265908494,-0.004818594104308391,0
350,control_wins,0.00022364647936501392,-3.690690096044954,-0.01654051023268853,0
351,treatment_wins,0.0,10.872597650676385,0.04279953167685703,1
352,control_wins,0.0,-10.185597349445668,-0.03591798255950976,0
353,inconclusive,0.9162166259580227,-0.1052006109346231,-0.00037640479647255143,0
354,inconclusive,0.34533549622230075,-0.943675502580031,-0.002276336686077289,0
355,control_wins,0.0,-15.0062595061424,-0.031103431251542826,0
356,treatment_wins,0.0,9.192421152188501,0.03360493952123084,1
357,inconclusive,0.9564408128225952,-0.054620492062285586,-0.00019619383951344216,0
358,control_wins,5.423100807977477e-06,-4.547716936824067,-0.024461028192371462,0
359,treatment_wins,0.0,12.127563301564967,0.04623473688784599,1
360,control_wins,8.213429936176908e-13,-7.157562388066005,-0.020586252032842797,0
361,treatment_wins,0.0018915923982119054,3.106745391984845,0.008378290011443523,1
362,inconclusive,0.24210851196251193,-1.169732805478116,-0.00799360511590727,0
363,treatment_wins,0.0,11.671601263513669,0.03657769389772625,1
364,control_wins,0.002987680868143272,-2.9690025811828855,-0.008189464364763172,0
365,inconclusive,0.07108071169403285,-1.8049614691253029,-0.00911066532932131,0
366,inconclusive,0.10412983432330059,1.625153600166561,0.0048363284630657255,0
367,inconclusive,0.4562358782727798,-0.7450592896930733,-0.003270191892392166,0
368,inconclusive,0.18994008117617756,1.3107563880257822,0.008267716535433067,0
369,treatment_wins,0.0,12.400906009499357,0.02955210096967832,1
370,control_wins,8.332435408320293e-09,-5.7615917366527585,-0.012008128579346022,0
371,control_wins,0.0,-21.491695912620745,-0.048741669153486517,0
372,inconclusive,0.4408130868861728,0.7708209176298549,0.0013394565633371575,0
373,treatment_wins,0.0,8.598231298181725,0.02152230971128609,1
374,inconclusive,0.3851746641329252,0.8684013352827601,0.005269320843091341,0
375,control_wins,0.0002002156001208455,-3.7187442963367663,-0.008237116305266128,0
376,inconclusive,0.2786901610447656,-1.08326647558465,-0.0032922303364060768,0
377,inconclusive,0.15240850256540606,1.4310757635531897,0.011583011583011588,0
378,treatment_wins,0.001290734294795648,3.2180319718459915,0.0065284178187403966,1
379,inconclusive,0.43277715603480926,0.7844482159861907,0.005732248520710054,0
380,treatment_wins,0.0,9.471526590984624,0.0402836296372418,1
381,inconclusive,0.2546955319711841,1.139018274940208,0.0021457611805450957,0
382,treatment_wins,0.0,10.223807490067088,0.04049614861803352,1
383,control_wins,0.0,-11.608212288134798,-0.04355592195658149,0
384,treatment_wins,0.0,8.788375881722073,0.03539415048916664,1
385,control_wins,2.2183810344245103e-11,-6.690876068283729,-0.025857425031423964,0
386,control_wins,5.720325768621137e-09,-5.8247351051845575,-0.026415094339622636,0
387,treatment_wins,0.0,15.092220442417261,0.0454568618457932,1
388,treatment_wins,0.0,8.420637106337969,0.023470676001377255,1
389,treatment_wins,0.0101120482241841,2.571974011306302,0.013691683569979712,1
390,control_wins,3.225853128419054e-05,-4.156906940816059,-0.02559753276792598,0
391,control_wins,4.5938022430469516e-07,-5.042545188295154,-0.025192674235518353,0
392,inconclusive,0.1131360387254472,1.5842535185729607,0.0086038961038961,0
393,control_wins,0.0,-10.396047909347013,-0.028923709221679944,0
394,control_wins,1.6125288057056153e-05,-4.312727413192305,-0.015148646089755746,0
395,treatment_wins,2.786659791809143e-13,7.304341518731277,0.04898876404494383,1
396,treatment_wins,1.2920988388120946e-06,4.84096537973827,0.03639240506329114,1
397,treatment_wins,0.0,9.912893049489488,0.03807332989061546,1
398,inconclusive,0.19276641214964663,-1.3024388410892898,-0.0039535708854984974,0
399,inconclusive,0.6941281957249041,-0.39325900171331746,-0.00150585610708312,0
400,treatment_wins,0.0004245181442963375,3.524353090884239,0.013011521652761232,1
401,control_wins,0.0,-30.246707362990087,-0.050745616430873434,0
402,inconclusive,0.9701918944625625,-0.03736761456273056,-0.00021197668256492386,0
403,control_wins,0.03130576031264165,-2.153164401551589,-0.010119181470654368,0
404,inconclusive,0.3120985108404999,1.01082851902493,0.004018463209340212,0
405,treatment_wins,5.6603006385769206e-05,4.0265425252208225,0.013099607644601954,1
406,control_wins,0.00015528089407323975,-3.782468267271933,-0.013281586890901254,0
407,inconclusive,0.18034196359058696,-1.339702871652346,-0.0038954635108481156,0
408,control_wins,0.0,-11.625312572956755,-0.026948429623885228,0
409,treatment_wins,2.950972799453666e-13,7.296599817696688,0.04549902152641877,1
410,treatment_wins,0.0,8.422303105103644,0.0170358421528898,1
411,inconclusive,0.64225365242381,-0.464550129925923,-0.0020732550103662734,0
412,inconclusive,0.33239250678765186,-0.9693060596548704,-0.0036014946202674036,0
413,control_wins,0.0,-10.29565555177782,-0.04741541000825267,0
414,control_wins,0.0,-8.768463905829435,-0.03154050464807437,0
415,treatment_wins,3.3872904481313526e-12,6.960637188142294,0.03916994106090374,1
416,inconclusive,0.7630955720859722,-0.3014182597951273,-0.0010147436280069227,0
417,inconclusive,0.8895902714059241,-0.13882268007971518,-0.000356967560572935,0
418,inconclusive,0.06564499183133288,1.8408401180980702,0.011295681063122925,0
419,inconclusive,0.31351016194131764,-1.0078839826430543,-0.003844767511714531,0
420,treatment_wins,0.0,9.02543357442318,0.02906471695381499,1
421,treatment_wins,0.0,9.421608144357961,0.04797205180640765,1
422,treatment_wins,0.0,12.626160024980363,0.046893370715383936,1
423,treatment_wins,0.0,8.881265010764247,0.018906444168293977,1
424,treatment_wins,2.845702123188687e-05,4.185475141126345,0.01982200647249191,1
425,control_wins,0.0,-17.01299011347253,-0.024993688462509468,0
426,inconclusive,0.864478737396627,-0.1706757427758239,-0.0012285012285012248,0
427,inconclusive,0.0854268496581927,-1.7200307638809926,-0.00525939542483661,0
428,treatment_wins,5.249151810993169e-07,5.01697454937014,0.019468162966577218,1
429,treatment_wins,4.440892098500626e-16,8.156009826678043,0.042968750000000014,1
430,control_wins,0.0,-18.42925162435759,-0.033680627192077574,0
431,treatment_wins,0.043664947643093255,2.0172929813138274,0.004700000000000003,1
432,treatment_wins,0.015539361819469466,2.419558481335852,0.013998564249820544,1
433,control_wins,0.018992571507199685,-2.3456767427050336,-0.007471763683753269,0
434,inconclusive,0.23529450434148824,-1.1868304526015367,-0.0054707089126966035,0
435,inconclusive,0.0712000326154889,-1.804199532508481,-0.003714113631800846,0
436,control_wins,0.0,-10.721930994146053,-0.031990837946172926,0
437,treatment_wins,0.0,14.043205514167479,0.028373168851195063,1
438,control_wins,0.0,-9.226882793768338,-0.054995026289612045,0
439,treatment_wins,4.440892098500626e-14,7.547685031585013,0.03553017685779997,1
440,control_wins,0.0,-15.049373901826753,-0.030400440852314477,0
441,treatment_wins,0.0,9.783383317279183,0.02506963788300836,1
442,inconclusive,0.7258076555653936,0.35070769028718274,0.002271816116530795,0
443,treatment_wins,5.993072704768565e-10,6.1906129188949,0.023083752589523526,1
444,inconclusive,0.6184937084352666,0.49798628581893345,0.001738248714420229,0
445,inconclusive,0.6812814822442739,0.4107150605967543,0.0016840079388945883,0
446,control_wins,0.0,-11.508541494685161,-0.04389055860710955,0
447,inconclusive,0.20485461151694206,-1.2678413519727576,-0.004818060845225541,0
448,control_wins,0.0,-10.365159601438213,-0.03122302698239951,0
449,inconclusive,0.15841045847310342,1.410437773077128,0.004313404313404309,0
450,control_wins,0.0,-27.74148459409606,-0.041769944000734416,0
451,inconclusive,0.8726429521532515,-0.16030229367145796,-0.000633312222925897,0
452,control_wins,5.411853187808902e-10,-6.206671600360678,-0.0313050037716872,0
453,inconclusive,0.5229708832479203,-0.6387725881339835,-0.001719623246179705,0
454,control_wins,0.0,-10.678685269704202,-0.039558143006418856,0
455,control_wins,0.0,-12.949698658429588,-0.026369289643625927,0
456,inconclusive,0.37177048480413766,0.8931618875592031,0.0035637918745545366,0
457,inconclusive,0.08056820423421174,1.7473986919123652,0.004105243515581267,0
458,control_wins,0.0,-17.861268590638222,-0.04505498837163467,0
459,treatment_wins,0.0,15.004416967386957,0.03465269492140893,1
460,control_wins,0.0,-10.57438012078016,-0.018255423159181175,0
461,inconclusive,0.38980790320074976,0.8599657852485316,0.0019768271923562633,0
462,inconclusive,0.13279973586863436,1.5031524507587948,0.006783351478100663,0
463,inconclusive,0.9466822499483409,-0.06687370071315826,-0.0002947027186325779,0
464,treatment_wins,0.019233030595697587,2.3409832377069155,0.010739965413670699,1
465,control_wins,0.0,-8.920832563247009,-0.029021648776609177,0
466,control_wins,0.0,-14.846750609102147,-0.051053989148803706,0
467,inconclusive,0.9087263137620809,-0.11464524756451269,-0.00031426775612822255,0
468,treatment_wins,0.001285984772930071,3.219089194894864,0.01847918436703483,1
469,inconclusive,0.581020231948919,0.5518950909191777,0.0015561780267662612,0
470,control_wins,0.0,-10.2215594013942,-0.03741701870850936,0
471,treatment_wins,0.0,14.180248412004785,0.026897136626145957,1
472,treatment_wins,3.552713678800501e-15,7.868175056923745,0.03035770670756463,1
473,treatment_wins,0.0,18.812463977592415,0.04762945160585537,1
474,control_wins,3.1538381906059954e-08,-5.532674833418052,-0.029611351017890197,0
475,treatment_wins,0.0,10.040802709740435,0.030365314511750563,1
476,treatment_wins,2.478441279096799e-06,4.709895257816228,0.017072213500784916,1
477,inconclusive,0.8526778792786538,-0.1857027402691727,-0.000967741935483872,0
478,treatment_wins,0.0,12.899254558996494,0.0421853094863843,1
479,treatment_wins,0.0,10.555898376736035,0.039353478566409,1
480,control_wins,0.0,-13.885074437488152,-0.037589716556506225,0
481,control_wins,2.6157122720915638e-05,-4.204576700696912,-0.022222222222222213,0
482,inconclusive,0.6716550270490818,0.4238776741104664,0.0016100281754930779,0
483,control_wins,0.0,-10.275645585674777,-0.02897866717009627,0
484,inconclusive,0.5499214016090468,0.5978779081498161,0.0024278579356270813,0
485,control_wins,3.527619679966065e-05,-4.1364227943787375,-0.012862025544162603,0
486,treatment_wins,0.0,11.580256373396086,0.04428725896557936,1
487,treatment_wins,6.661338147750939e-16,8.065746308503941,0.01468826098720575,1
488,control_wins,4.884981308350689e-15,-7.83171221829064,-0.018591396390283614,0
489,treatment_wins,0.004764796330369192,2.822519237372595,0.013325891299797665,1
490,inconclusive,0.16433510033715648,1.3906384179707607,0.00798846111172749,0
491,control_wins,0.0,-16.483004025056946,-0.04022134739656838,0
492,treatment_wins,1.0023278873561026e-08,5.730334485720047,0.024905543989513446,1
493,treatment_wins,0.0,14.890314829938811,0.03888584617792035,1
494,treatment_wins,1.861111265100135e-11,6.716522993366662,0.01783852022613755,1
495,control_wins,0.0,-18.62347467882181,-0.0539703244741562,0
496,control_wins,3.93645487450911e-06,-4.614709519210983,-0.01586168609723214,0
497,control_wins,7.470468688097753e-12,-6.848352440505477,-0.04278074866310161,0
498,treatment_wins,0.0007455783076835143,3.3722459669196723,0.008306082406801828,1
499,control_wins,0.0,-8.466141181916523,-0.03852453179520046,0
500,control_wins,0.03924224575437485,-2.061637660166086,-0.010721331160476882,0
501,treatment_wins,4.285460875053104e-14,7.552206166667324,0.02516936973927325,1
502,control_wins,0.0,-9.401301259654229,-0.027496700395952478,0
503,inconclusive,0.9753580626763563,0.030888999737427616,0.00014275517487508105,0
504,inconclusive,0.15047255791483138,1.437864310120883,0.006815893424211905,0
505,control_wins,0.004847173368919044,-2.8170184992621303,-0.008973039720107018,0
506,treatment_wins,1.5938361741518747e-12,7.066069355577397,0.03150057273768614,1
507,control_wins,0.0006566501525568924,-3.4070669609088635,-0.02736140851772545,0
508,treatment_wins,1.1930380239277838e-08,5.700718074124885,0.0217348252302208,1
509,inconclusive,0.6998618804098915,0.38550692013839577,0.001702503310423098,0
510,inconclusive,0.26375285753831035,1.1175649215697512,0.004359770664118495,0
511,inconclusive,0.3988383644683786,-0.8436976796961355,-0.002515479876160992,0
512,inconclusive,0.25010799286877106,-1.1500871148220124,-0.0038054968287526414,0
513,control_wins,1.2527252568617087e-09,-6.073345507382443,-0.02743160005729839,0
514,control_wins,3.287036576260505e-08,-5.525417154348379,-0.022404239942182602,0
515,inconclusive,0.8598477729379241,-0.1765679471278687,-0.0003772873042822075,0
516,inconclusive,0.6717105924027837,-0.4238014886055519,-0.0006609870740305543,0
517,control_wins,0.0,-14.730433979322179,-0.04081160760737615,0
518,inconclusive,0.28830702915159767,-1.0618428591444569,-0.008817046289493036,0
519,control_wins,1.699253315834426e-08,-5.640126447031656,-0.03509933774834437,0
520,control_wins,1.512289104832476e-06,-4.80960490765699,-0.012318184981557526,0
521,control_wins,0.0,-13.153857838987319,-0.03855753507186506,0
522,treatment_wins,6.853455691624433e-06,4.498189626095265,0.020480460533599032,1
523,treatment_wins,0.0,9.948532271105364,0.05440686875766601,1
524,treatment_wins,0.0,9.488582709520669,0.03751643239963595,1
525,control_wins,0.0,-10.11962739860949,-0.03669584690553748,0
526,treatment_wins,0.0,9.78842062180646,0.041258969341161134,1
527,control_wins,3.730349362740526e-14,-7.570327013055332,-0.052139037433155073,0
528,inconclusive,0.6416544072947465,0.4653869089134031,0.0012860357946629514,0
529,treatment_wins,0.0,9.869669172739304,0.03872244205765969,1
530,control_wins,0.0,-8.31123449382443,-0.029734848484848475,0
531,treatment_wins,1.2112533198660458e-12,7.104090521022958,0.030879734790349334,1
532,treatment_wins,0.0,12.026534795228637,0.04858735885301971,1
533,inconclusive,0.6650750758205048,-0.43291699096969355,-0.001502121746967594,0
534,inconclusive,0.47199717415822606,-0.7192333175227806,-0.0028001148765077477,0
535,inconclusive,0.675115020425674,0.4191383558408835,0.003735632183908044,0
536,treatment_wins,0.0,10.881170025161987,0.048961695390049326,1
537,control_wins,2.0666240680977666e-06,-4.746797756558391,-0.02859422795584521,0
538,treatment_wins,0.0,8.932184895739853,0.023681879632651157,1
539,treatment_wins,1.1025202972803072e-10,6.452180587234851,0.03027494593759654,1
540,treatment_wins,0.0,9.117701888982825,0.036649890308426886,1
541,treatment_wins,0.0,10.248318057323708,0.048101924076963065,1
542,treatment_wins,0.00037944588573468607,3.5539815127211067,0.018217734855136086,1
543,treatment_wins,0.0,13.960553983108657,0.04304538799414348,1
544,inconclusive,0.8795772128005253,0.151505195411819,0.0013947001394700176,0
545,treatment_wins,8.76210215494666e-12,6.825497489123076,0.037890130139352746,1
546,treatment_wins,0.0,13.554452906215987,0.05924479166666667,1
547,treatment_wins,0.0,16.454408341717954,0.04459505638455405,1
548,control_wins,0.0,-8.616494898975683,-0.046249668698648286,0
549,treatment_wins,0.026168627923189636,2.223700108661116,0.0074496750673640755,1
550,inconclusive,0.30335041317329425,-1.0292751158747486,-0.003990379359352786,0
551,inconclusive,0.16364844436354664,1.3929052509481914,0.007077735124760079,0
552,inconclusive,0.26074656521099326,1.1246283261699885,0.005260428243313325,0
553,control_wins,0.0,-11.920347988556221,-0.045509986278396086,0
554,treatment_wins,7.066412596357097e-05,3.974038524070532,0.032843560933448576,1
555,inconclusive,0.36486330887735363,-0.9061370654700311,-0.005725457338360551,0
556,control_wins,0.001039738591821937,-3.2795470828677993,-0.011697197086735833,0
557,treatment_wins,1.0355753587987238e-08,5.724796929578663,0.029453876048271634,1
558,inconclusive,0.05023352313322449,1.957970084243897,0.005533680962009152,0
559,control_wins,0.0,-8.976111162271643,-0.03682499293186316,0
560,control_wins,0.0,-15.559347267681346,-0.046824566986407246,0
561,treatment_wins,7.524095879674064e-07,4.947323282111118,0.020274006266511047,1
562,control_wins,0.0,-12.69370928480414,-0.031078501550942494,0
563,control_wins,0.0,-18.719010989489284,-0.049655672345052554,0
564,inconclusive,0.4665666146648402,0.7280767347782807,0.0011737089201877965,0
565,treatment_wins,2.1452531329124724e-07,5.186289442598467,0.023025607919087587,1
566,inconclusive,0.326495682435624,-0.981196839491892,-0.0029536201804103157,0
567,control_wins,0.0,-19.780803675363725,-0.04465651635462957,0
568,treatment_wins,3.1530333899354446e-13,7.287676812829837,0.028897849462365593,1
569,control_wins,0.0,-8.396825544254854,-0.03173126614987079,0
570,control_wins,3.877326015810922e-09,-5.88934358108711,-0.026326963906581735,0
571,inconclusive,0.20867157389059376,-1.2572266551313798,-0.003541507996953547,0
572,treatment_wins,6.941098296131543e-08,5.392689118895759,0.0212247922510983,1
573,inconclusive,0.10839552925633367,-1.605446721902035,-0.010120028241939277,0
574,treatment_wins,1.9527659489426696e-09,6.001688060835927,0.019590770570309113,1
575,inconclusive,0.9727765185135744,-0.03412619693648887,-0.00016795431642593894,0
576,treatment_wins,0.0,8.778190390820642,0.030459473412493554,1
577,inconclusive,0.7806291625882569,-0.2784992214687511,-0.0017574692442882262,0
578,inconclusive,0.12855580696387148,1.51982164731917,0.008021631365479953,0
579,treatment_wins,7.891243214430688e-12,6.8405096530381515,0.029865942643814702,1
580,inconclusive,0.8274603075425928,-0.21795996145494992,-0.0012677484787018273,0
581,inconclusive,0.8795714507355776,0.15151250045332057,0.0004465083050544799,0
582,treatment_wins,0.00020356102740204385,3.7145557039096055,0.02458585327373128,1
583,control_wins,0.02532955029907291,-2.236339356167383,-0.0065246510824007314,0
584,control_wins,0.0,-13.840945130456262,-0.034944089456869006,0
585,treatment_wins,6.228351168147128e-13,7.195406826769917,0.024048096192384766,1
586,treatment_wins,0.00010188645411135511,3.8860549481260427,0.010668255171666849,1
587,treatment_wins,0.0,14.12665756016977,0.02944240787188887,1
588,treatment_wins,1.0550746054605042e-08,5.721629069117685,0.01466275659824047,1
589,control_wins,0.0,-22.60836064910054,-0.04510408635312259,0
590,treatment_wins,2.351258787669508e-08,5.583942938213579,0.027983210073955635,1
591,inconclusive,0.9842830637872901,-0.019699532414612874,-3.894080996885013e-05,0
592,inconclusive,0.5618204929621664,-0.5801395822128631,-0.0021980633279866935,0
593,treatment_wins,5.477791331642834e-09,5.831966516684759,0.025384935497295043,1
594,control_wins,0.0,-17.65957537280353,-0.0431931931931932,0
595,control_wins,0.0012590127072364954,-3.225162303216773,-0.018401445021449553,0
596,control_wins,0.01362155629641948,-2.467091453098728,-0.012992575671045128,0
597,treatment_wins,4.847233725513433e-13,7.229499152450896,0.029670810169279777,1
598,inconclusive,0.3350083148970664,0.9640750212503881,0.005867819641754174,0
599,inconclusive,0.8971247506778213,-0.1292943389782885,-0.0003243944636678181,0
600,inconclusive,0.38749685854392824,0.8641657237330939,0.0014757122361139588,0
601,inconclusive,0.13960766223475907,-1.4772536318428995,-0.003019571295433364,0
602,inconclusive,0.6690581752267648,-0.42744096522380504,-0.0010764745458623076,0
603,treatment_wins,0.0,9.99682273660024,0.026218001651527656,1
604,control_wins,0.0,-9.795065729728767,-0.017363745926884794,0
605,treatment_wins,0.0,14.28810250880937,0.030326062172227712,1
606,treatment_wins,2.990582004258613e-09,5.932114353953163,0.018162487817843548,1
607,inconclusive,0.9782188393704558,-0.027302027990217286,-9.075233687266815e-05,0
608,treatment_wins,0.00016715924500676493,3.7640861616516044,0.013401360544217686,1
609,inconclusive,0.16109499902711244,-1.4013983044633498,-0.008816120906801006,0
610,inconclusive,0.882521557230532,-0.1477734574307119,-0.0005993207697942426,0
611,treatment_wins,0.0,19.748914528080686,0.048883270122208174,1
612,inconclusive,0.5714265072737619,-0.5659518583009585,-0.0020472290992192,0
613,inconclusive,0.9561649461766035,0.054966759047331976,0.00023421032086815008,0
614,control_wins,0.0,-12.78143853161987,-0.023368292434578965,0
615,treatment_wins,0.035624332307210516,2.1011895279030757,0.008632439800090874,1
616,treatment_wins,1.575621003202521e-05,4.317842072882414,0.02419907906338789,1
617,inconclusive,0.3309675954577702,-0.9721667573569289,-0.004698229129020598,0
618,treatment_wins,0.00017014998260678205,3.7596518405120505,0.011285081240768088,1
619,treatment_wins,1.1974865543606938e-12,7.105652489179112,0.0440791931266343,1
620,inconclusive,0.5274380650789685,-0.6319216660654655,-0.0020475665459127323,0
621,treatment_wins,0.0,18.667858494200274,0.046451148275586135,1
622,inconclusive,0.6551702071246805,0.44659126016867146,0.0013918454232847571,0
623,treatment_wins,0.021075507820271122,2.306629064611601,0.009052924791086353,1
624,inconclusive,0.1297450624715406,-1.515107974667039,-0.00979779028559516,0
625,inconclusive,0.10621463389402175,-1.6154437429094441,-0.0068224592220827995,0
626,treatment_wins,9.992007221626409e-14,7.441032184414211,0.024012866015971607,1
627,treatment_wins,0.0,12.080769999910414,0.0426560653271731,1
628,control_wins,0.0,-8.595809430709725,-0.035967066300736664,0
629,control_wins,0.0428332722974718,-2.0253321214944298,-0.003673313615113062,0
630,control_wins,0.0,-14.899873008092978,-0.030155715913406753,0
631,treatment_wins,6.080720060808176e-06,4.523563027904499,0.040696042660679194,1
632,treatment_wins,1.1102230246251565e-15,8.021069693895083,0.04217432052483597,1
633,inconclusive,0.8927628044238736,0.13480910801578092,0.0006196426727253929,0
634,inconclusive,0.8909538736002522,-0.1370973164547001,-0.00039950461427830375,0
635,control_wins,0.0,-29.518613592669222,-0.04778249972757982,0
636,inconclusive,0.05077536867874333,-1.9533733756059581,-0.0061349693251533804,0
637,control_wins,1.7763568394002505e-15,-7.961528928610094,-0.025051229508196715,0
638,control_wins,0.0,-16.72284514464246,-0.04162212720470336,0
639,treatment_wins,0.024449819211952217,2.2499862334922094,0.0130197396052079,1
640,control_wins,0.0,-12.1863082901004,-0.03715948161861941,0
641,control_wins,0.0,-24.820236156116508,-0.029530606850194478,0
642,treatment_wins,1.705280361363748e-11,6.72926034631536,0.02160345655304849,1
643,control_wins,0.0,-22.738598859099767,-0.04301260269258892,0
644,inconclusive,0.42964502899436496,0.7897992297068174,0.003917727717923605,0
645,control_wins,0.0,-19.024000260643014,-0.04202432045779685,0
646,control_wins,0.0,-11.710089128863233,-0.05404980752612146,0
647,inconclusive,0.8976467501330299,0.12863464646672523,0.00037659109738646945,0
648,treatment_wins,3.1521882881691e-09,5.923469697737541,0.030671657309211897,1
649,inconclusive,0.08483675124916501,-1.7232863705379577,-0.006568321309357167,0
650,inconclusive,0.9517574478627122,-0.06049995980639781,-0.00018894662257912254,0
651,control_wins,0.0,-22.249101416264903,-0.04336410603879055,0
652,treatment_wins,0.0,8.907640685776808,0.04095123626373626,1
653,treatment_wins,0.0,8.588729453796537,0.03925110855641323,1
654,inconclusive,0.05701216739835102,-1.9032175244369016,-0.008895780625153032,0
655,control_wins,6.340261649029344e-12,-6.871786386566454,-0.01868673760705944,0
656,inconclusive,0.3705904070379722,-0.895367988379913,-0.0024018084204577572,0
657,control_wins,0.0,-9.723196802838515,-0.021248980197285466,0
658,control_wins,4.789973363661382e-05,-4.065645331760016,-0.0168718650250798,0
659,treatment_wins,0.0026340251462009245,3.0075041656646313,0.011271206135254452,1
660,control_wins,0.0,-16.801526666203166,-0.04787651521758089,0
661,treatment_wins,0.0,10.283725140999731,0.03180230168516235,1
662,control_wins,0.00027061182030729825,-3.6419203394085273,-0.012990278243379144,0
663,inconclusive,0.25535969321833774,1.13742731658945,0.004994173464291651,0
664,treatment_wins,0.0,10.391581503769691,0.03137208476382147,1
665,treatment_wins,0.0,13.647408247683492,0.04648412626216683,1
666,treatment_wins,3.2574727704570705e-05,4.154677067847017,0.010310992848827541,1
667,inconclusive,0.3634689597835439,-0.9087748972647751,-0.00345803206538825,0
668,treatment_wins,1.3211653993039363e-13,7.403927710788757,0.02918823658993281,1
669,control_wins,0.0,-10.547245381651988,-0.023015548281505725,0
670,control_wins,0.0,-11.602405889864453,-0.0313294356888663,0
671,control_wins,0.0,-13.472547432190275,-0.03229518808890167,0
672,control_wins,3.2929214910382143e-13,-7.2818525149695414,-0.026925880923450773,0
673,treatment_wins,0.0,10.912921400182313,0.04766269477543539,1
674,control_wins,0.0,-11.392531539443896,-0.031917525773195884,0
675,inconclusive,0.5967795896586203,0.5290372789107034,0.0013796275005748398,0
676,inconclusive,0.8653996933334698,0.16950467769367403,0.0006038647342995196,0
677,treatment_wins,0.0,15.088214833304434,0.03658039073478083,1
678,inconclusive,0.18422561133887783,1.3278562162078162,0.005165733964700811,0
679,control_wins,2.4653612484826226e-12,-7.005260929071217,-0.027422012010416108,0
680,inconclusive,0.30661648968371313,-1.022347435358833,-0.0033723021582733603,0
681,control_wins,4.440892098500626e-16,-8.124921171468293,-0.04209155999132132,0
682,control_wins,0.0,-19.880672596864695,-0.04881131507673789,0
683,inconclusive,0.1286006783350322,1.5196431837231883,0.0034680477203366325,0
684,inconclusive,0.44871367350617164,0.7575612697874079,0.0032804811372334763,0
685,control_wins,0.0,-8.987884611190688,-0.05654165473804751,0
686,treatment_wins,1.9361912073634358e-10,6.366318470796834,0.01952998379254456,1
687,treatment_wins,2.886579864025407e-15,7.896818499495447,0.02397498262682418,1
688,treatment_wins,0.0,10.591039635371814,0.030793525463876814,1
689,treatment_wins,0.0,10.375202419750046,0.04183365358221247,1
690,treatment_wins,1.9952340591045115e-05,4.265423462063586,0.014525993883792047,1
691,inconclusive,0.6880999421262208,-0.40143492256046326,-0.001876443418013865,0
692,treatment_wins,4.2635643913158106e-06,4.5981024007787274,0.014536549783775332,1
693,control_wins,0.0,-8.936591185140113,-0.03499160554917381,0
694,treatment_wins,0.0,11.044761396116357,0.034482758620689655,1
695,treatment_wins,0.00029567361139082315,3.6190612895617864,0.02037758465687744,1
696,treatment_wins,0.02611196615476996,2.224542503414756,0.009320215992307118,1
697,treatment_wins,0.0,18.83679188041246,0.04860093759156166,1
698,control_wins,0.025894939499497394,-2.22778374236345,-0.012122809329292383,0
699,treatment_wins,0.009031313952359676,2.610866508519421,0.005236794171220402,1
700,treatment_wins,9.931301470089693e-08,5.3279764176383235,0.041338047321185734,1
701,control_wins,0.0,-11.012911607974381,-0.04285349885213842,0
702,control_wins,0.0,-22.84827353027492,-0.03350491773140914,0
703,inconclusive,1.0,0.0,0.0,0
704,inconclusive,0.2941059424080459,-1.0491568330435086,-0.003634658224879822,0
705,control_wins,0.0,-19.416357499036025,-0.03168141592920354,0
706,control_wins,0.006973721533332311,-2.698096531973751,-0.013530927835051554,0
707,inconclusive,0.24229912734163284,1.1692594201973108,0.004453287852946741,0
708,treatment_wins,1.0437879671698624e-08,5.723455696911233,0.02625178826895566,1
709,control_wins,0.0,-23.11784601858681,-0.04426445658316067,0
710,inconclusive,0.6801458142738299,-0.41226416085464535,-0.001617619610526977,0
711,inconclusive,0.30217249368910615,-1.031785755519238,-0.005379681357334992,0
712,control_wins,0.0018979181734373185,-3.1057582402446466,-0.01527331189710611,0
713,control_wins,0.0,-12.759631172446923,-0.033446318454690246,0
714,treatment_wins,0.0016985628436552158,3.1384286458699693,0.019576185671039345,1
715,control_wins,2.4222845951271665e-12,-7.007721317585743,-0.03752072968490879,0
716,control_wins,2.786615382888158e-11,-6.65742778858153,-0.03051094890510947,0
717,control_wins,0.0,-9.48607699456259,-0.03384780697469961,0
718,inconclusive,0.6789562280039976,-0.41388786965446034,-0.0014036124552136708,0
719,inconclusive,0.30549096801739695,1.0247292278007087,0.0020508613617719468,0
720,inconclusive,0.09213530777169421,1.6842399376823893,0.014289565920733327,0
721,control_wins,5.773159728050814e-15,-7.807347133508621,-0.03226379351172151,0
722,control_wins,0.0,-16.966946039230837,-0.04908050176592376,0
723,control_wins,5.560070626131619e-09,-5.829478958722928,-0.025753424657534246,0
724,treatment_wins,0.008136612307265478,2.6463477501882284,0.009781677002974831,1
725,control_wins,0.0,-10.526215151229648,-0.05087134802665301,0
726,inconclusive,0.41372035623327497,0.8173641507404898,0.003204957000160269,0
727,control_wins,3.5204283932444014e-11,-6.622974509933378,-0.015890695774857057,0
728,inconclusive,0.7936453140145114,-0.26157993637390503,-0.001004069122232193,0
729,inconclusive,0.7083122222010945,0.37412378696748094,0.0011142475115138856,0
730,treatment_wins,0.0,13.08145379008627,0.0463425317564608,1
731,treatment_wins,0.0,15.987932731596809,0.043270427724941496,1
732,inconclusive,0.24937626965728965,-1.1518656884055054,-0.00683221652870844,0
733,inconclusive,0.8403225667044119,-0.20148089499786342,-0.0006651294785384732,0
734,treatment_wins,0.0020140270650748082,3.088156014393036,0.022277790406910664,1
735,treatment_wins,0.00013069686291755644,3.825141752736893,0.011103100216294154,1
736,treatment_wins,1.905393398615729e-09,6.005673453594402,0.0310005880870369,1
737,inconclusive,0.8157529602107847,0.2330108762083179,0.0006383793675788368,0
738,treatment_wins,0.0,11.311704857987161,0.03972597186752605,1
739,control_wins,0.0,-9.806389894660706,-0.04077085886153503,0
740,inconclusive,0.6485825101613449,0.45573227497830204,0.0012330456226880282,0
741,treatment_wins,0.0,8.958191556508051,0.05240174672489083,1
742,control_wins,0.0,-20.272823312939483,-0.04633023212104126,0
743,treatment_wins,0.0,9.435555634416364,0.0394415357766143,1
744,inconclusive,0.45637005160571587,-0.7448373517410837,-0.0040869945993285695,0
745,treatment_wins,0.0,9.150164286047481,0.04992892679459844,1
746,control_wins,0.00026912640371978824,-3.643336715563278,-0.018142918271287972,0
747,control_wins,0.018482053941579757,-2.35581632049213,-0.010063032179586415,0
748,treatment_wins,9.192646643896296e-14,7.45185641054469,0.03315755832534356,1
749,treatment_wins,0.006623358376963928,2.715210863240944,0.013999308676114763,1
750,control_wins,1.177201937929695e-06,-4.859436731155894,-0.037989145958297624,0
751,treatment_wins,0.00453671607408257,2.8382111470633355,0.007238485683172119,1
752,inconclusive,0.9784203378958352,-0.027049393768642356,-0.00011187559433911698,0
753,inconclusive,0.26490661853085706,1.1148688698096194,0.00488162069807177,0
754,control_wins,0.0,-12.506975630799746,-0.030355123275277084,0
755,control_wins,0.0,-10.925585716260908,-0.01937311178247734,0
756,control_wins,2.6423307986078726e-14,-7.615062027107594,-0.029534606205250585,0
757,inconclusive,0.40950143230489644,0.8247713197235513,0.004072075740608749,0
758,control_wins,0.0,-12.799106019775579,-0.03368101649914661,0
759,treatment_wins,0.0,8.699102069617407,0.031562076192824556,1
760,treatment_wins,5.581659356934665e-09,5.828832200217029,0.0420013386880857,1
761,control_wins,0.0,-29.08022827448084,-0.05103408655687476,0
762,control_wins,0.0,-10.15125069483317,-0.04071246819338422,0
763,control_wins,0.0,-15.240593714470842,-0.04394371061037727,0
764,treatment_wins,0.0,8.607369254038115,0.03317559921818744,1
765,inconclusive,0.4359139115104331,-0.7791117120350373,-0.001967447683777504,0
766,treatment_wins,0.012133651976982573,2.5082333169942,0.007679424860095596,1
767,treatment_wins,0.0,8.975178895875423,0.03408925362987425,1
768,control_wins,7.146421232562261e-10,-6.162812272000174,-0.0352810101510275,0
769,treatment_wins,0.011106962869412262,2.539315443992917,0.012467100706469045,1
770,control_wins,0.022351151858470697,-2.284346895885288,-0.007420156817747187,0
771,inconclusive,0.41022837993181316,0.8234917972467505,0.0031051308590862026,0
772,control_wins,9.994268928004146e-06,-4.417297369004389,-0.033354714560615784,0
773,control_wins,0.0,-28.900889274496297,-0.04931536741039769,0
774,treatment_wins,2.523720032954202e-08,5.571626510063051,0.02703025953833274,1
775,treatment_wins,6.001322327975345e-09,5.816720890548711,0.024771435631331856,1
776,inconclusive,0.6561720618202542,-0.4452043798807155,-0.001552622823555512,0
777,control_wins,0.0,-19.081247490476287,-0.035590518436373716,0
778,control_wins,0.0,-13.073593313593829,-0.052222855514391556,0
779,treatment_wins,7.143928515418452e-08,5.387513062067857,0.01981492657412995,1
780,control_wins,3.076946208935283e-07,-5.118671954987988,-0.018962196002889467,0
781,control_wins,1.57829067592985e-08,-5.6528281706087204,-0.023375100754744638,0
782,control_wins,6.550249231906946e-11,-6.530609833740492,-0.0296011632737848,0
783,inconclusive,0.38435975538690315,-0.8698914005755066,-0.002021754073834467,0
784,treatment_wins,0.0,12.227981313781433,0.033997944501541616,1
785,treatment_wins,0.02503866748901129,2.240805639642355,0.00708073578080505,1
786,inconclusive,0.5063609581462059,-0.6645146773533916,-0.003659652333028368,0
787,inconclusive,0.7946196661511444,0.2603164739680551,0.0007581501137225166,0
788,treatment_wins,0.0002770971689511903,3.635820565183945,0.016403852259498364,1
789,control_wins,0.0,-17.26004648553476,-0.04217811938357999,0
790,inconclusive,0.0660962112401986,1.8377706294532967,0.01594896331738438,0
791,treatment_wins,6.014189767311606e-05,4.012253374413855,0.012117585458897448,1
792,treatment_wins,0.0,8.76200358323564,0.027007299270072976,1
793,treatment_wins,1.0640155423402575e-11,6.797566900853588,0.03682319733128046,1
794,inconclusive,0.23179360807475513,-1.1957513449206525,-0.006725854183481317,0
795,control_wins,0.00033406620856557545,-3.5873418648045003,-0.007571302558071157,0
796,treatment_wins,0.0042696259095353906,2.8575223303282895,0.013789968176996514,1
797,treatment_wins,8.670092954687902e-08,5.352596727638467,0.023858794887401086,1
798,inconclusive,0.6754847359339284,0.4186324969923295,0.002042571490002143,0
799,treatment_wins,0.0,10.883342626441092,0.047385846323630854,1
800,control_wins,7.438494264988549e-14,-7.479895356269032,-0.029408630793819945,0
801,treatment_wins,1.3961543809948296e-07,5.265753602801915,0.016475510890275352,1
802,control_wins,0.0,-21.374309934692388,-0.03763321982930173,0
803,inconclusive,0.4998782781004265,0.6746812837662384,0.0019867802697436376,0
804,treatment_wins,4.472605729621826e-05,4.081603473314876,0.014567221103930494,1
805,treatment_wins,0.0,12.518873793198761,0.0377900742075237,1
806,inconclusive,0.5258053493816182,0.6344221631499398,0.003933566433566432,0
807,control_wins,1.6445369510620367e-09,-6.029513775463757,-0.039203768424251634,0
808,control_wins,4.760170035922329e-10,-6.226813569970861,-0.02273756680858774,0
809,treatment_wins,2.220446049250313e-16,8.2563961056224,0.04338368580060423,1
810,treatment_wins,3.0637628622987023e-06,4.666498228068864,0.02276595744680851,1
811,control_wins,0.0006861095952572782,-3.3950703850924073,-0.022044901271301043,0
812,control_wins,1.2922996006636822e-13,-7.406960734156976,-0.026257037468452732,0
813,inconclusive,0.20805497090593938,-1.258931787976728,-0.0028238052107198014,0
814,control_wins,2.3359092438113294e-13,-7.3280557243351705,-0.04900683816346468,0
815,control_wins,8.136137608083516e-07,-4.932073289727293,-0.02651356993736953,0
816,control_wins,1.0386929393702005e-05,-4.408957730066727,-0.03533333333333334,0
817,treatment_wins,0.02614563453914598,2.22404176276294,0.007475791480608118,1
818,inconclusive,0.21238026949747524,-1.247046986736817,-0.005045871559633028,0
819,treatment_wins,0.0,8.388911277648313,0.04844685095468795,1
820,inconclusive,0.1055628837850291,1.6184628637393497,0.005838942502635641,0
821,treatment_wins,1.2599443710570313e-08,5.691410169659392,0.029216949460121572,1
822,control_wins,0.0,-25.67588526274129,-0.030978432167139445,0
823,inconclusive,0.08256176192575437,1.7360117220452986,0.0049002623372766535,0
824,control_wins,0.0,-11.364410154608553,-0.031233198103524124,0
825,treatment_wins,0.022171320886125834,2.287419985147695,0.00657819688961557,1
826,inconclusive,0.7032752993125291,-0.38090290164444096,-0.0013800836675723627,0
827,inconclusive,0.1845553458673952,1.3268589494754932,0.007743600774360079,0
828,treatment_wins,8.213822955127625e-10,6.140739408098574,0.01871056241426612,1
829,control_wins,3.602542275005227e-05,-4.131595330549184,-0.015770527398434375,0
830,control_wins,2.4402595499850577e-09,-5.965406366306714,-0.01963962840576096,0
831,inconclusive,0.9715907493518483,-0.03561324209961315,-8.160600620205072e-05,0
832,inconclusive,0.34544454014884174,0.9434622018092427,0.006722237160527014,0
833,control_wins,0.0,-10.738970488679216,-0.03167366526694661,0
834,control_wins,0.0,-20.28009411672612,-0.03775926254210247,0
835,inconclusive,0.9010065936676774,0.12438986994659186,0.000342674383186109,0
836,control_wins,0.0,-9.666689471068635,-0.03655572176514585,0
837,treatment_wins,4.581124646296786e-07,5.043073798319481,0.023132981212810072,1
838,inconclusive,0.09813425421887323,1.653966821360209,0.009907529722589167,0
839,treatment_wins,1.3322676295501878e-15,7.993412219985541,0.03194706994328922,1
840,treatment_wins,0.0,14.040987004712036,0.048156930372925205,1
841,inconclusive,0.6932329908166013,-0.3944714645294338,-0.0007007007007006974,0
842,inconclusive,0.3179657961283493,0.9986468503264636,0.0029861616897305376,0
843,control_wins,0.0,-9.040261239493459,-0.03264367816091954,0
844,treatment_wins,1.724265175084838e-11,6.727649269916866,0.02418556782646558,1
845,treatment_wins,0.0,13.14178714546486,0.041995325737657026,1
846,treatment_wins,0.00010947365231239736,3.8685741363285886,0.021776326022709597,1
847,treatment_wins,0.0,8.804758414392174,0.02499110003559986,1
848,inconclusive,0.7183469471798036,0.3606689388368321,0.0013902405116085204,0
849,treatment_wins,3.0056238076170416e-06,4.670435135825323,0.03100142769732815,1
850,control_wins,0.009668964594369722,-2.587448507737695,-0.019175952319253703,0
851,treatment_wins,0.0,10.259968624056057,0.027617477328936525,1
852,inconclusive,0.5055325369316315,0.6658100239834135,0.002511220346227805,0
853,treatment_wins,0.0,10.597634622748558,0.04779164988589072,1
854,treatment_wins,0.0,9.523612377344426,0.045897877223178424,1
855,treatment_wins,9.781617145820931e-05,3.8959460275039763,0.017886994316282177,1
856,control_wins,8.683301981893266e-07,-4.919347884621794,-0.01772692984661805,0
857,control_wins,0.0,-9.226385875962196,-0.014326525391207948,0
858,control_wins,0.0,-8.646657778765936,-0.028396906881538758,0
859,control_wins,0.0,-8.843016972821408,-0.03936757215619695,0
860,treatment_wins,0.005764745960750606,2.760870896795224,0.006383250351078763,1
861,control_wins,1.1102230246251565e-15,-8.01368603468929,-0.030646662014421955,0
862,control_wins,0.0,-13.909599491209777,-0.03462221718259818,0
863,treatment_wins,0.0,9.237127689718799,0.03315100281783523,1
864,treatment_wins,0.01175302254985855,2.519474283186138,0.011563169164882231,1
865,treatment_wins,0.0,13.154610873932416,0.040429226590676354,1
866,treatment_wins,0.000188194334705738,3.7343584040861675,0.014421821978595678,1
867,control_wins,0.0,-19.467819717005383,-0.03836833602584814,0
868,treatment_wins,3.5571545708990016e-13,7.271424276540177,0.020653834402688663,1
869,treatment_wins,1.7453737743977626e-07,5.224594283524382,0.028273951666825864,1
870,treatment_wins,0.0026640645068749524,3.004055810665268,0.012772479564032685,1
871,inconclusive,0.21528091410020345,1.2391744130059266,0.0031933578157432446,0
872,inconclusive,0.6684861439662331,0.4282266108943255,0.0011396293727083534,0
873,treatment_wins,4.663584634023721e-07,5.039660468463417,0.01893220149670502,1
874,treatment_wins,0.0016260855519636408,3.1511866213761834,0.02015273652948664,1
875,treatment_wins,0.0,19.94979928447848,0.03954824492365811,1
876,control_wins,0.002289958520657054,-3.0497973126512012,-0.015042979942693407,0
877,treatment_wins,0.0,8.919148584939743,0.028950863213811434,1
878,control_wins,0.004105058135451589,-2.8699737983560967,-0.013647284959154266,0
879,control_wins,0.0,-9.462999647903112,-0.017428167687235045,0
880,inconclusive,0.11525088483429191,-1.57502408695027,-0.003545816733067725,0
881,treatment_wins,0.0001864545968235376,3.7366953575062007,0.008430275364452955,1
882,inconclusive,0.47500822824599376,0.7143541302235601,0.002723343792552263,0
883,inconclusive,0.9671760734833654,0.04115030182190098,0.00010957703265395552,0
884,treatment_wins,0.0,11.641984530754714,0.047184725769184,1
885,treatment_wins,2.220446049250313e-16,8.285548172639654,0.04106122448979593,1
886,treatment_wins,0.0011938531651844997,3.2403446224217016,0.01950931126219331,1
887,treatment_wins,0.000620777226230329,3.422370229934096,0.0217875318066158,1
888,treatment_wins,0.008329382691885323,2.6384180607370658,0.007171811661989394,1
889,control_wins,0.0,-27.187075522081077,-0.044359949302915085,0
890,control_wins,3.821407050796921e-07,-5.077645568996306,-0.015554275368282439,0
891,inconclusive,0.18260941196788227,-1.3327635466520662,-0.007045306741816609,0
892,treatment_wins,3.7703604519157e-05,4.121119338769013,0.027703703703703703,1
893,inconclusive,0.8727318587925506,-0.16018942583521276,-0.0006618133686300265,0
894,treatment_wins,0.0,13.56461174219054,0.040544490375381034,1
895,inconclusive,0.42183342821361336,-0.8032445021890663,-0.0025689898069114203,0
896,treatment_wins,0.0,10.705107992387275,0.03554142888102291,1
897,treatment_wins,1.4352210531143328e-09,6.051478871828685,0.02819816323890828,1
898,inconclusive,0.9726173939545901,-0.034325746840056605,-0.00017420085358416104,0
899,treatment_wins,0.0,10.597665647276989,0.036824076339613404,1
900,control_wins,0.0,-22.570966578722654,-0.043935850317407286,0
901,control_wins,0.0,-16.805229443763803,-0.03484870213681343,0
902,control_wins,0.0,-12.55708327499367,-0.02039660056657224,0
903,control_wins,0.0,-31.266546792372992,-0.05380209857447431,0
904,inconclusive,0.520637963623994,0.6423623129233822,0.003126010563759829,0
905,treatment_wins,0.0011391828890343625,3.2536855824847506,0.010947836777706221,1
906,inconclusive,0.33062969870578085,-0.9728462974311747,-0.008461538461538465,0
907,inconclusive,0.6341047077305104,-0.47595742782574246,-0.0018294323379069166,0
908,treatment_wins,1.629454082774373e-08,5.647344180864849,0.03422885572139303,1
909,treatment_wins,5.18030063290098e-13,7.22048480858182,0.018702409048403604,1
910,inconclusive,0.45107824546777,0.7536186448109606,0.0023013112122022977,0
911,control_wins,0.006060021248491809,-2.7445159339417966,-0.01700126605172725,0
912,control_wins,4.482858528831457e-12,-6.9210603524511125,-0.01587691300433751,0
913,treatment_wins,1.0504619396556336e-10,6.459504750661501,0.027378751244488686,1
914,control_wins,0.0,-10.37052596466868,-0.04699818071558521,0
915,treatment_wins,0.0,12.842675610364216,0.04711703958691911,1
916,control_wins,8.737144341353087e-11,-6.48732880388737,-0.0281982421875,0
917,inconclusive,0.6323336922750593,0.4784447459614776,0.0015474172868616826,0
918,treatment_wins,0.006332663610290057,2.730040027207447,0.014239538743775648,1
919,control_wins,0.0,-8.813176659248775,-0.03109786388474911,0
920,inconclusive,0.4412429385521237,-0.7700960169351043,-0.00147094876195146,0
921,control_wins,0.0012514124390123893,-3.226895295126458,-0.010663553220470912,0
922,inconclusive,0.5444033144362361,-0.6061678273173078,-0.0017167039284573665,0
923,control_wins,1.2979595176432213e-10,-6.427410533455114,-0.02860915492957747,0
924,inconclusive,0.5296561192972409,-0.6285310399379922,-0.005012531328320802,0
925,treatment_wins,1.691291551253471e-11,6.730458272650929,0.02049663101352306,1
926,treatment_wins,0.0,9.735614750140028,0.018533810441324898,1
927,treatment_wins,0.0,12.460733036228678,0.04518834502205191,1
928,control_wins,0.0,-11.640347105694907,-0.034616691751225906,0
929,inconclusive,0.5350614064552084,-0.6202983113854575,-0.002510285196290346,0
930,treatment_wins,2.220446049250313e-16,8.259412233405728,0.03599576520409363,1
931,control_wins,0.04984608419478165,-1.961282443097198,-0.008871701546860782,0
932,inconclusive,0.8865145351253008,0.14271593007726538,0.0008128193218764623,0
933,control_wins,0.0,-12.343894946791607,-0.045911117644176574,0
934,treatment_wins,0.0,13.929923092113029,0.04251207729468599,1
935,control_wins,7.281847278628462e-05,-3.966883798353972,-0.009301060647266796,0
936,treatment_wins,0.0,14.752813970525228,0.04071376857885099,1
937,treatment_wins,1.9317880628477724e-14,7.655271203705966,0.013351288957291263,1
938,inconclusive,0.7644450565333858,0.2996487999967927,0.0010274363560257294,0
939,treatment_wins,0.0,14.905297864944254,0.032620280146163215,1
940,treatment_wins,0.0,9.262001313069767,0.04053746299248462,1
941,inconclusive,0.2528113648657717,-1.1435474519644322,-0.004418867536738258,0
942,treatment_wins,0.0,11.704745807853113,0.05928608380755303,1
943,control_wins,1.973263330512509e-09,-5.999992745970536,-0.03831041257367386,0
944,treatment_wins,1.1367486920654812e-06,4.8663556687339975,0.042362624061970444,1
945,treatment_wins,0.0,8.87947114987427,0.026452124093374774,1
946,treatment_wins,2.886579864025407e-15,7.899351067632609,0.01412236538953835,1
947,treatment_wins,3.1530333899354446e-12,6.970726079541692,0.02568787618228719,1
948,control_wins,1.5412847227613824e-05,-4.322703978836045,-0.014194122225104716,0
949,inconclusive,0.9014368039451262,-0.12384651209273727,-0.0006367109332363063,0
950,control_wins,0.0,-10.790654480657304,-0.030490618271301145,0
951,inconclusive,0.27413790817243244,1.0935830006637317,0.005223733491030946,0
952,treatment_wins,0.0,8.397959772738378,0.031106949646275472,1
953,inconclusive,0.787544097299957,0.26950109810671946,0.0009689922480620103,0
954,control_wins,0.0,-11.740069497125168,-0.039023625749324165,0
955,inconclusive,0.13590256071761186,1.4912245100867498,0.003846983533472348,0
956,treatment_wins,4.6629367034256575e-15,7.834399509155429,0.037868987416206035,1
957,control_wins,1.193958620859803e-08,-5.700586595091767,-0.03101798383105099,0
958,inconclusive,0.6546718674559047,0.44728143802622,0.0010347376201034764,0
959,treatment_wins,0.0,10.044459328636247,0.022170900692840646,1
960,inconclusive,0.7608007886235677,-0.30442937829085576,-0.001411842870193497,0
961,treatment_wins,0.0,10.024398951745017,0.030810623155702134,1
962,inconclusive,0.1791390759836493,-1.3434105396134752,-0.004278168245514469,0
963,inconclusive,0.5204537694774483,0.6426460895845757,0.0015247776365946708,0
964,inconclusive,0.30982034998176644,-1.0155990656675788,-0.0032896858672514934,0
965,control_wins,6.843127664524218e-08,-5.395241949602132,-0.031848852901484474,0
966,treatment_wins,0.0,13.728349455349207,0.04725106182161397,1
967,inconclusive,0.8990198870722501,-0.12689956988448423,-0.0008594018563080064,0
968,control_wins,0.0,-9.974860174350088,-0.04191321499013806,0
969,inconclusive,0.052578486364272425,1.938366812685188,0.009581973254712023,0
970,control_wins,0.0,-9.484808867143542,-0.028452751817237804,0
971,control_wins,0.0,-17.40702340602011,-0.048449173647271915,0
972,treatment_wins,0.0019321746308378351,3.1004643627870765,0.02024943006571006,1
973,treatment_wins,0.00017448333219127754,3.7533552103118377,0.027436684574059872,1
974,treatment_wins,0.0024441298701818326,3.0301738741786752,0.009795851168916694,1
975,control_wins,0.0,-13.078604699633244,-0.033811676823275016,0
976,control_wins,0.0,-8.468820176234846,-0.0301437459772581,0
977,control_wins,1.1102230246251565e-14,-7.727152101055599,-0.02808605617211235,0
978,inconclusive,0.5129700186180741,0.6542200923510145,0.0017971246006389732,0
979,inconclusive,0.7107431870420093,-0.3708581503417631,-0.0014971239461035457,0
980,inconclusive,0.4178530975193637,0.8101515187773578,0.004124926340601062,0
981,treatment_wins,0.0,8.941622108426348,0.034802043422733075,1
982,control_wins,3.78929265743011e-09,-5.893138182056131,-0.03396226415094339,0
983,control_wins,2.991739289637252e-07,-5.12396664560106,-0.008931774158834921,0
984,control_wins,0.0019711678924541065,-3.0945423529368346,-0.01109877913429523,0
985,control_wins,0.0,-10.57711792518294,-0.047927576107215764,0
986,treatment_wins,0.048185873096393994,1.9757255184787497,0.009113670505758634,1
987,inconclusive,0.645676631583981,0.45977652942427916,0.0014166946277448522,0
988,treatment_wins,2.5979218776228663e-14,7.616575855603606,0.03400093153237076,1
989,control_wins,0.0,-11.710984923876882,-0.025191183085919923,0
990,treatment_wins,0.0,9.044101828112936,0.04552226452574076,1
991,inconclusive,0.8120575622336854,-0.23777248275885493,-0.0007396449704141772,0
992,treatment_wins,2.220446049250313e-16,8.217634735997619,0.040772912604148226,1
993,treatment_wins,0.0,9.174404417137996,0.03249870743777236,1
994,treatment_wins,0.0,12.823590568631266,0.04570216458564333,1
995,treatment_wins,0.0,11.347203165371337,0.029817942049159316,1
996,treatment_wins,2.5051072327642032e-12,7.003017546489708,0.013044099778428991,1
997,control_wins,0.0075514758871706444,-2.671492504997956,-0.009624218032284887,0
998,control_wins,0.0,-23.669051037835732,-0.03939633236816706,0
999,treatment_wins,1.1227185847673127e-09,6.090908300271741,0.03423680456490727,1
1000,treatment_wins,6.115397077621765e-11,6.540889432136581,0.05468500159897667,1
1001,inconclusive,0.13091036888628382,-1.5105216516285764,-0.0050928982363481964,0
1002,control_wins,0.021187913460024355,-2.304619132991559,-0.01126153108901401,0
1003,inconclusive,0.3813264738026345,-0.8754548366183059,-0.004406032875783783,0
1004,control_wins,0.0004999722568774789,-3.48077126745893,-0.02608695652173912,0
1005,treatment_wins,0.0018543468222642634,3.112619885434198,0.02317323864698187,1
1006,inconclusive,0.24190453341426155,1.170239668137718,0.010578512396694217,0
1007,treatment_wins,5.237661028445473e-06,4.555035989000297,0.01715843489416294,1
1008,inconclusive,0.9682114169541463,-0.039851626431762044,-0.0002301495972381884,0
1009,inconclusive,0.22956017156581554,-1.2014926095786025,-0.0046125461254612615,0
1010,control_wins,7.891998538989142e-05,-3.9476563252853687,-0.02513847464848744,0
1011,treatment_wins,0.0,13.567212329850333,0.03939892741464451,1
1012,treatment_wins,3.64927426055317e-08,5.507035146322057,0.03069362017804156,1
1013,treatment_wins,0.003055086591418954,2.9621401792652615,0.010417076142930165,1
1014,control_wins,9.103828801926284e-15,-7.7516694718694605,-0.03125957707631014,0
1015,treatment_wins,0.0,11.681276816796151,0.04548366431774506,1
1016,inconclusive,0.3335567983397878,-0.9669744661454004,-0.004091413875737915,0
1017,treatment_wins,4.134470543704083e-13,7.251092961922887,0.03439843495272254,1
1018,inconclusive,0.7138670003304814,-0.36666756899077774,-0.0022090059473237056,0
1019,inconclusive,0.4735518272168333,-0.7167119882455097,-0.003305203938115342,0
1020,inconclusive,0.28917369837991425,-1.0599360396695958,-0.0019034023316678583,0
1021,control_wins,2.037073127958422e-07,-5.1959223209016185,-0.022262429200755204,0
1022,control_wins,0.00012446895495799026,-3.8371529503148545,-0.012091356918943127,0
1023,control_wins,0.00034138650866033515,-3.581684047625658,-0.01609671848013816,0
1024,control_wins,1.1270682831465706e-08,-5.710406220116315,-0.027262225644974963,0
1025,control_wins,0.04476515247086432,-2.0068545501277786,-0.009606587374199449,0
1026,inconclusive,0.9751909348311083,0.031098564060095178,0.0001861157640052069,0
1027,inconclusive,0.9643141954093721,0.044740445127867214,0.00019437605287028759,0
1028,inconclusive,0.7862310474201566,-0.27120801685292284,-0.0023609653725078783,0
1029,inconclusive,0.7937078823558332,-0.26149879019608474,-0.0008240887480190223,0
1030,treatment_wins,2.7367517481557968e-05,4.194333426463389,0.01853951317105701,1
1031,treatment_wins,0.0,21.608319682004513,0.051481592337623464,1
1032,control_wins,0.0,-10.112174345841511,-0.04661879755653198,0
1033,control_wins,0.0,-17.558493836456098,-0.04786934484700582,0
1034,inconclusive,0.3084675776788277,1.0184427859893959,0.0020828717039663228,0
1035,control_wins,3.6750717742339845e-06,-4.628959753854906,-0.009915464310684546,0
1036,control_wins,8.696821041098701e-12,-6.826569340911763,-0.033569283569283584,0
1037,inconclusive,0.059409462838242444,-1.8851509356682417,-0.011520160280490854,0
1038,treatment_wins,2.0037208336987078e-08,5.61167968178623,0.04773744405768274,1
1039,control_wins,3.855525010365568e-08,-5.497344744935999,-0.010860583166096095,0
1040,inconclusive,0.05019559007248997,-1.9582934404065078,-0.006207527443805538,0
1041,treatment_wins,0.0,13.581305485758397,0.04827551381103874,1
1042,control_wins,0.0,-11.70452302145009,-0.03738200125865322,0
1043,control_wins,0.022519772461958354,-2.28148484541989,-0.013436692506459944,0
1044,treatment_wins,0.0020572263625877607,3.0818439760784786,0.025320056899004267,1
1045,treatment_wins,2.803551895080858e-07,5.136196053167204,0.019006041363496068,1
1046,inconclusive,0.5713997017210659,-0.5659912896957128,-0.0016968762051677577,0
1047,treatment_wins,0.0,15.862541198123656,0.041950930124157806,1
1048,treatment_wins,8.725697941969202e-10,6.131130173275241,0.020120230646546437,1
1049,treatment_wins,0.0,8.383342413137052,0.030635514822942217,1
1050,control_wins,0.0,-12.629291062056465,-0.022240527182866558,0
1051,control_wins,2.0652392662690033e-07,-5.19336751303627,-0.02053051298003508,0
1052,inconclusive,0.14656453623333476,-1.4517737098914623,-0.004040022654332648,0
1053,inconclusive,0.10108782829663232,1.6396025704876567,0.013372956909361078,0
1054,inconclusive,0.7493905510381327,0.31944307535226546,0.002056404230317277,0
1055,treatment_wins,0.019480114644114366,2.3362135462789526,0.017371353654539512,1
1056,treatment_wins,2.220446049250313e-16,8.262273890346018,0.0410443077695494,1
1057,control_wins,0.0,-8.585684608950041,-0.030336348643110606,0
1058,treatment_wins,9.297037203204184e-06,4.432908398806681,0.012098223198243163,1
1059,inconclusive,0.08365490896916472,-1.7298621399234697,-0.008196721311475405,0
1060,inconclusive,0.28044008638214013,1.0793312508894144,0.005821710127349916,0
1061,treatment_wins,1.7763568394002505e-15,7.953133985621171,0.030409746347499156,1
1062,inconclusive,0.23740596011927662,-1.1814954494548253,-0.0044222093179077104,0
1063,inconclusive,0.13658404966401605,1.4886329512166678,0.007837150127226467,0
1064,inconclusive,0.1812405243832642,1.3369452025321862,0.005435283279594652,0
1065,treatment_wins,4.4254967879187035e-06,4.590328157542479,0.01978891820580475,1
1066,control_wins,0.0,-13.538369352685859,-0.04196207749381699,0
1067,treatment_wins,0.0,9.387723409835905,0.041077441077441074,1
1068,inconclusive,0.1831617227828124,-1.331082936855216,-0.002775817454716542,0
1069,treatment_wins,4.440892098500626e-16,8.146382465843324,0.030845996824676786,1
1070,inconclusive,0.055482782053945634,-1.9150762351471298,-0.008314636399630454,0
1071,treatment_wins,0.0,13.414481176990371,0.0392083644510829,1
1072,treatment_wins,1.199040866595169e-14,7.716443568908584,0.0307130159984199,1
1073,control_wins,0.0,-27.26166261304971,-0.03647674254206136,0
1074,inconclusive,0.8167110025053939,-0.23177728257399408,-0.0008570816370259277,0
1075,control_wins,0.0,-9.262654318269016,-0.032678112299908774,0
1076,inconclusive,0.07158825675075264,-1.8017277062628483,-0.0048865758213817445,0
1077,treatment_wins,2.270003922610897e-06,4.727768848531792,0.015568935109164989,1
1078,inconclusive,0.5635470705957624,-0.5775809512356211,-0.0032170891777119903,0
1079,control_wins,0.0,-20.60557265054729,-0.043848659483838634,0
1080,treatment_wins,0.00018709039892028656,3.735838930484024,0.01458709493490451,1
1081,control_wins,1.354472090042691e-14,-7.700169115722374,-0.027238879090730944,0
1082,control_wins,0.0,-27.502975536547524,-0.038997545332171986,0
1083,control_wins,0.0,-17.862362101597707,-0.042502688869932866,0
1084,inconclusive,0.16653398875207603,1.3834269599159947,0.008629707112970703,0
1085,control_wins,0.00024312163257067532,-3.669398721051177,-0.016102850464255553,0
1086,inconclusive,0.07707939368885608,1.7678894091645052,0.009181855557078247,0
1087,treatment_wins,0.0025072132889760734,3.02246952217388,0.011749842072015182,1
1088,control_wins,0.0,-9.858808424752695,-0.027803909271453958,0
1089,treatment_wins,1.1723955140041653e-13,7.419801482897042,0.03446743684143708,1
1090,treatment_wins,0.0,10.55755402082579,0.03252032520325203,1
1091,control_wins,0.0,-9.66731973314363,-0.03298073442464705,0
1092,control_wins,1.8302999116315277e-09,-6.012193202806146,-0.018933403619750475,0
1093,treatment_wins,6.714029332499649e-11,6.526910351598174,0.027574726785843523,1
1094,inconclusive,0.8390595993943268,-0.20309651013953367,-0.0005774338838202969,0
1095,control_wins,7.570779576582254e-07,-4.946118722974518,-0.010803699569446663,0
1096,inconclusive,0.4794607734486509,0.7071701060255082,0.0034469551895825318,0
1097,inconclusive,0.6417532513813062,-0.4652488617423554,-0.002151249379447301,0
1098,control_wins,6.798485330250514e-09,-5.795828146759193,-0.02036363636363636,0
1099,control_wins,0.0003561446266369117,-3.5706145746562328,-0.027474923680767538,0
1100,control_wins,0.024095963435634582,-2.255595689280336,-0.011775200713648529,0
1101,treatment_wins,1.5330459124385243e-09,6.040849859505795,0.01521378614175499,1
1102,control_wins,6.064548863093933e-11,-6.542137955620179,-0.03966730646193217,0
1103,treatment_wins,8.236995227450805e-06,4.458929640005367,0.035655737704918034,1
1104,inconclusive,0.8933458243136152,-0.13407176751661598,-0.00045982296815724744,0
1105,inconclusive,0.5039177645314148,-0.6683381528185265,-0.0034476959300369925,0
1106,control_wins,0.0,-24.780024093087917,-0.04316515552470609,0
1107,treatment_wins,0.0,11.772428965133868,0.0458196965188932,1
1108,treatment_wins,2.6694202404087264e-12,6.994108300904478,0.041830225711481844,1
1109,treatment_wins,0.0,10.081289498962226,0.046142322097378285,1
1110,control_wins,0.0,-29.70747429457314,-0.04556496135443504,0
1111,treatment_wins,0.00022629578867894296,3.6876937342445784,0.02832201745877788,1
1112,control_wins,9.87770998839288e-06,-4.4198332282803925,-0.016372308882299853,0
1113,treatment_wins,0.0,15.279768926216509,0.043076623881758064,1
1114,inconclusive,0.17622494213112017,-1.3524702108077291,-0.004409819197412901,0
1115,treatment_wins,9.440988853115506e-05,3.904526906609119,0.015437849347883947,1
1116,control_wins,0.024497370507569727,-2.2492378036928242,-0.007418901226785624,0
1117,inconclusive,0.15856956395788835,1.4098988105449741,0.004136708362060475,0
1118,control_wins,0.0,-8.803441875802363,-0.04596632579279,0
1119,inconclusive,0.08739960636272048,1.7092772444586766,0.005531056132745349,0
1120,control_wins,0.0,-10.030444839466586,-0.03332323538321721,0
1121,control_wins,0.0,-10.504141784828379,-0.04312805226105157,0
1122,treatment_wins,1.5543122344752192e-15,7.965695122586029,0.030540743025869288,1
1123,treatment_wins,1.847376518426813e-08,5.62571826423769,0.04359977641140303,1
1124,control_wins,0.0,-10.347137447984302,-0.032046722324136134,0
1125,control_wins,0.004447707347908558,-2.8445294541894626,-0.01402888911981709,0
1126,control_wins,0.0,-15.099142437532064,-0.05290753098188751,0
1127,treatment_wins,0.006063043621578723,2.744352273642552,0.012618296529968452,1
1128,treatment_wins,0.005520925569515445,2.774955534106617,0.00925645834593744,1
1129,treatment_wins,7.260858581048524e-14,7.4829321634486785,0.020091646105040536,1
1130,treatment_wins,0.0,12.411679069868486,0.045525902668759805,1
1131,treatment_wins,0.023112758320515514,2.27156563755379,0.01274035625811018,1
1132,treatment_wins,0.0,12.962891083279258,0.037348901612963586,1
1133,treatment_wins,0.0,11.472842677038217,0.026795229637147935,1
1134,inconclusive,0.39610228101029277,-0.8486029210908265,-0.002064330292846847,0
1135,treatment_wins,0.0,12.419401670358182,0.04368312122946849,1
1136,control_wins,0.0,-23.269615828918127,-0.04451700246874253,0
1137,inconclusive,0.24657967927683022,1.1586970854450314,0.009486348912540493,0
1138,inconclusive,0.29578299691655774,1.0455193614247242,0.0037817043750407453,0
1139,control_wins,2.220446049250313e-16,-8.218967609829628,-0.04885563380281689,0
1140,treatment_wins,6.661338147750939e-16,8.071523157825661,0.025024669429642793,1
1141,control_wins,0.0,-10.427332902866091,-0.03684616125614101,0
1142,treatment_wins,0.0,16.209068160923522,0.04422511866194531,1
1143,control_wins,0.012688762751062121,-2.4923871995927183,-0.0203720106288751,0
1144,treatment_wins,1.7900381177327063e-09,6.015796979302079,0.03038239916186486,1
1145,inconclusive,0.7416580151514425,0.3296584991592276,0.001078416268679716,0
1146,control_wins,1.1457501614131615e-13,-7.422875785061364,-0.02772680937818553,0
1147,treatment_wins,0.017660696155753053,2.3726561543941753,0.009751136635558738,1
1148,inconclusive,0.4343116763216628,-0.7818347832484023,-0.002417660814077932,0
1149,treatment_wins,1.6498970005773828e-06,4.792166727343704,0.0382112114213731,1
1150,inconclusive,0.40746621906035374,0.8283607655906718,0.002971118975837822,0
1151,inconclusive,0.8779719551307479,-0.1535406260778793,-0.0005884429798752311,0
1152,inconclusive,0.05839920363181905,1.8926892741065284,0.009035172636334299,0
1153,treatment_wins,0.0,11.990308333520284,0.03989141980408356,1
1154,inconclusive,0.6016789067874495,0.5219876824954544,0.0031595576619273535,0
1155,inconclusive,0.07494612486808827,1.7807939089256903,0.00580201731679017,0
1156,treatment_wins,5.573319583618286e-14,7.5178611295523865,0.05204819277108433,1
1157,treatment_wins,0.0,11.995691239460324,0.04165267047363117,1
1158,inconclusive,0.30414381700188287,1.0275876904063423,0.005005561735261399,0
1159,inconclusive,0.3003485023373731,-1.0356863288955487,-0.007299270072992692,0
1160,treatment_wins,6.195044477408373e-14,7.504098903859262,0.012870246166116817,1
1161,control_wins,3.2056975318717207e-07,-5.110934128550395,-0.034399404983265144,0
1162,treatment_wins,9.489588299627094e-05,3.903284913058671,0.016892911010558065,1
1163,treatment_wins,0.005169300285347456,2.7962899379171056,0.011000184877056757,1
1164,control_wins,3.08575387464316e-12,-6.973763784599186,-0.0314197376117657,0
1165,inconclusive,0.9079408870999379,-0.11563618081250733,-0.0004922067268252686,0
1166,control_wins,5.717382123293646e-11,-6.550945651642215,-0.022539343825020014,0
1167,control_wins,0.025098813442461898,-2.239878474551782,-0.011776061776061775,0
1168,control_wins,0.047602346336175216,-1.980901272738829,-0.007375749638105736,0
1169,treatment_wins,0.0,21.304438612175396,0.04375699165304191,1
1170,treatment_wins,0.0,13.283368564786166,0.049128014842300546,1
1171,control_wins,0.0,-11.309781465649817,-0.04861439515747659,0
1172,inconclusive,0.315137436558498,-1.0045004871152334,-0.00741379310344828,0
1173,inconclusive,0.2767200947289885,1.0877169225147851,0.005685694791903589,0
1174,treatment_wins,0.001315266734071452,3.212627677192848,0.012922465208747513,1
1175,treatment_wins,1.3447620794693194e-10,6.42202167147428,0.039935634874195436,1
1176,treatment_wins,2.0082557838918547e-10,6.360708329796591,0.019018429014892535,1
1177,inconclusive,0.38662852911084844,0.8657477118147389,0.0028214271719111117,0
1178,inconclusive,0.753333104712661,-0.3142474526697284,-0.0006095826390864409,0
1179,inconclusive,0.6810701650970707,0.4110032315946979,0.0014050493962678434,0
1180,treatment_wins,1.1744100181232398e-07,5.297434514843303,0.041088984118981584,1
1181,control_wins,0.0,-9.73640138170357,-0.039140704082780337,0
1182,control_wins,0.0,-11.548368101147377,-0.04384802297327148,0
1183,treatment_wins,4.249957919322256e-05,4.093453252623413,0.025641025641025633,1
1184,control_wins,0.0,-9.267318871772792,-0.03094792641097599,0
1185,treatment_wins,8.215650382226158e-15,7.76577053972718,0.028568083362603913,1
1186,treatment_wins,0.0,10.75603515017685,0.0373047160169368,1
1187,inconclusive,0.3955262421781547,-0.8496382446998814,-0.0028289793572912614,0
1188,inconclusive,0.396764156193508,-0.8474144443394139,-0.0020922185563691936,0
1189,control_wins,2.220446049250313e-16,-8.18958470931929,-0.028159203980099502,0
1190,control_wins,0.0,-8.538472406896805,-0.03652090341182124,0
1191,treatment_wins,9.757585850422856e-10,6.113325833629536,0.01143889223359422,1
1192,inconclusive,0.15536263761210178,1.4208422062044312,0.012299282541851711,0
1193,control_wins,0.005066958297698987,-2.8027458378271555,-0.020136407924650865,0
1194,inconclusive,0.7703385162854801,-0.29193213067578616,-0.0015544661006815508,0
1195,inconclusive,0.757211290012382,0.3091449204692642,0.0006223831617064648,0
1196,inconclusive,0.1736013308174671,1.3607227232121835,0.011537555921827175,0
1197,treatment_wins,0.0,11.350010818699495,0.04500625086817614,1
1198,control_wins,8.197026585499145e-05,-3.938565360150419,-0.014996167113836723,0
1199,treatment_wins,0.0,8.517411212731727,0.033590220568695206,1
1200,treatment_wins,0.028266308538386964,2.1935703970376443,0.004739799657952605,1
